no_asm,no_8x8dct,no_cabac,no_deblock,no_fast_pskip,no_mbtree,no_mixed_refs,no_weightb,rc_lookahead,ref,rc_lookahead_20,rc_lookahead_40,rc_lookahead_60,ref_1,ref_5,ref_9,PERFORMANCE
1,0,0,0,0,0,0,0,1,1,1,0,0,1,0,0,268.72
1,0,0,1,0,0,0,1,1,1,1,0,0,1,0,0,267.8533333
1,1,0,1,1,0,1,0,1,1,1,0,0,1,0,0,260.6366667
1,1,1,0,1,1,0,1,1,1,0,0,1,0,0,1,773.4633333
1,1,0,1,0,1,0,0,1,1,0,0,1,0,0,1,690.8733333
1,1,0,1,1,1,0,0,1,1,0,0,1,0,0,1,783.7833333
1,1,0,1,0,1,0,1,1,1,0,0,1,0,0,1,690.39
1,1,0,1,1,1,0,1,1,1,0,0,1,0,0,1,783.5166667
1,1,1,1,0,1,0,0,1,1,0,0,1,0,0,1,683.52
1,1,1,1,0,1,0,1,1,1,0,0,1,0,0,1,683.5433333
1,1,1,1,1,1,0,0,1,1,0,0,1,0,0,1,775.81
1,1,1,1,1,1,0,1,1,1,0,0,1,0,0,1,775.68
1,1,0,0,0,1,1,0,1,1,0,0,1,0,0,1,561.8466667
1,1,1,0,0,0,1,0,1,1,1,0,0,1,0,0,244.4333333
1,1,0,0,1,1,1,0,1,1,0,0,1,0,0,1,652.4833333
1,1,1,0,0,1,1,0,1,1,0,0,1,0,0,1,556.63
1,1,1,0,1,1,1,0,1,1,0,0,1,0,0,1,645.51
1,1,0,1,0,1,1,0,1,1,0,0,1,0,0,1,561.9333333
1,1,1,1,0,1,1,0,1,1,0,0,1,0,0,1,555.6333333
1,1,0,1,1,1,1,0,1,1,0,0,1,0,0,1,651.64
1,1,1,1,1,1,1,0,1,1,0,0,1,0,0,1,644.16
1,1,0,0,0,1,1,1,1,1,0,0,1,0,0,1,561.97
1,1,0,0,1,1,1,1,1,1,0,0,1,0,0,1,652.3733333
1,1,0,1,0,1,1,1,1,1,0,0,1,0,0,1,561.3333333
1,1,1,0,1,0,1,0,1,1,1,0,0,1,0,0,249.73
1,1,0,1,1,1,1,1,1,1,0,0,1,0,0,1,651.2
1,1,1,0,0,1,1,1,1,1,0,0,1,0,0,1,556.34
1,1,1,1,0,1,1,1,1,1,0,0,1,0,0,1,555.18
1,1,1,0,1,1,1,1,1,1,0,0,1,0,0,1,645.38
1,1,1,1,1,1,1,1,1,1,0,0,1,0,0,1,644.0333333
1,0,0,0,0,0,0,0,1,1,0,1,0,0,0,1,612.97
1,0,1,0,0,0,0,0,1,1,0,1,0,0,0,1,604.7466667
1,0,0,0,0,0,0,1,1,1,0,1,0,0,0,1,612.6433333
1,0,1,0,0,0,0,1,1,1,0,1,0,0,0,1,604.1233333
1,0,0,0,0,0,1,0,1,1,0,1,0,0,0,1,511.1533333
1,1,1,1,0,0,1,0,1,1,1,0,0,1,0,0,244.2766667
1,0,0,0,0,0,1,1,1,1,0,1,0,0,0,1,510.8566667
1,0,1,0,0,0,1,0,1,1,0,1,0,0,0,1,509.37
1,0,1,0,0,0,1,1,1,1,0,1,0,0,0,1,509.0333333
1,0,0,0,0,1,0,0,1,1,0,1,0,0,0,1,721.5633333
1,0,1,0,0,1,0,0,1,1,0,1,0,0,0,1,712.9166667
1,0,0,0,0,1,1,0,1,1,0,1,0,0,0,1,580.8766667
1,0,1,0,0,1,1,0,1,1,0,1,0,0,0,1,576.41
1,0,0,0,0,1,0,1,1,1,0,1,0,0,0,1,722.0366667
1,0,0,0,0,1,1,1,1,1,0,1,0,0,0,1,580.6266667
1,0,1,0,0,1,0,1,1,1,0,1,0,0,0,1,712.6366667
1,1,1,1,1,0,1,0,1,1,1,0,0,1,0,0,249.44
1,0,1,0,0,1,1,1,1,1,0,1,0,0,0,1,576.2766667
1,1,0,0,0,0,0,0,1,1,0,1,0,0,0,1,587.7733333
1,1,1,0,0,0,0,0,1,1,0,1,0,0,0,1,581.5133333
1,1,0,0,0,0,0,1,1,1,0,1,0,0,0,1,587.24
1,1,1,0,0,0,0,1,1,1,0,1,0,0,0,1,581.1066667
1,1,0,0,0,1,0,0,1,1,0,1,0,0,0,1,687.6
1,1,0,0,0,1,0,1,1,1,0,1,0,0,0,1,687.1466667
1,1,1,0,0,1,0,0,1,1,0,1,0,0,0,1,680.5566667
1,1,1,0,0,1,0,1,1,1,0,1,0,0,0,1,680.4766667
1,1,0,0,0,0,1,0,1,1,0,1,0,0,0,1,498.49
1,1,0,0,0,1,1,0,1,1,1,0,0,1,0,0,287.0866667
1,1,1,0,0,0,1,0,1,1,0,1,0,0,0,1,493.2766667
1,1,0,0,0,1,1,0,1,1,0,1,0,0,0,1,561.96
1,1,1,0,0,1,1,0,1,1,0,1,0,0,0,1,556.5133333
1,1,0,0,0,0,1,1,1,1,0,1,0,0,0,1,497.99
1,1,0,0,0,1,1,1,1,1,0,1,0,0,0,1,562.0666667
1,1,1,0,0,0,1,1,1,1,0,1,0,0,0,1,492.9366667
1,1,1,0,0,1,1,1,1,1,0,1,0,0,0,1,556.3066667
1,0,0,0,1,0,0,0,1,1,0,1,0,0,0,1,741.59
1,0,1,0,1,0,0,0,1,1,0,1,0,0,0,1,731.3533333
1,0,0,0,1,0,0,1,1,1,0,1,0,0,0,1,741.2066667
1,1,0,1,0,1,1,0,1,1,1,0,0,1,0,0,286.43
1,0,1,0,1,0,0,1,1,1,0,1,0,0,0,1,731.2166667
1,0,0,0,1,0,1,0,1,1,0,1,0,0,0,1,632.1266667
1,0,0,0,1,0,1,1,1,1,0,1,0,0,0,1,632.0633333
1,0,1,0,1,0,1,0,1,1,0,1,0,0,0,1,628.7566667
1,0,1,0,1,0,1,1,1,1,0,1,0,0,0,1,628.4966667
1,1,0,0,1,0,0,0,1,1,0,1,0,0,0,1,712.54
1,1,1,0,1,0,0,0,1,1,0,1,0,0,0,1,705.3966667
1,1,0,0,1,0,1,0,1,1,0,1,0,0,0,1,616.6866667
1,1,1,0,1,0,1,0,1,1,0,1,0,0,0,1,610.9566667
1,1,0,0,1,0,0,1,1,1,0,1,0,0,0,1,712.6666667
1,1,1,0,0,1,1,0,1,1,1,0,0,1,0,0,275.9933333
1,1,0,0,1,0,1,1,1,1,0,1,0,0,0,1,616.61
1,1,1,0,1,0,0,1,1,1,0,1,0,0,0,1,705.2133333
1,1,1,0,1,0,1,1,1,1,0,1,0,0,0,1,610.6866667
1,0,0,0,1,1,0,0,1,1,0,1,0,0,0,1,818.04
1,0,1,0,1,1,0,0,1,1,0,1,0,0,0,1,807.2733333
1,0,0,0,1,1,0,1,1,1,0,1,0,0,0,1,817.34
1,0,1,0,1,1,0,1,1,1,0,1,0,0,0,1,807.0
1,1,0,0,1,1,0,0,1,1,0,1,0,0,0,1,780.93
1,1,0,0,1,1,0,1,1,1,0,1,0,0,0,1,780.7566667
1,1,1,0,1,1,0,0,1,1,0,1,0,0,0,1,773.3866667
1,1,1,1,0,1,1,0,1,1,1,0,0,1,0,0,275.4166667
1,1,1,0,1,1,0,1,1,1,0,1,0,0,0,1,773.22
1,0,0,0,1,1,1,0,1,1,0,1,0,0,0,1,672.4133333
1,0,1,0,1,1,1,0,1,1,0,1,0,0,0,1,666.5033333
1,1,0,0,1,1,1,0,1,1,0,1,0,0,0,1,652.6533333
1,1,1,0,1,1,1,0,1,1,0,1,0,0,0,1,645.54
1,0,0,0,1,1,1,1,1,1,0,1,0,0,0,1,672.2133333
1,1,0,0,1,1,1,1,1,1,0,1,0,0,0,1,652.4333333
1,0,1,0,1,1,1,1,1,1,0,1,0,0,0,1,666.4933333
1,1,1,0,1,1,1,1,1,1,0,1,0,0,0,1,645.3033333
1,0,0,1,0,0,0,0,1,1,0,1,0,0,0,1,616.62
1,1,0,0,1,1,1,0,1,1,1,0,0,1,0,0,291.66
1,0,1,1,0,0,0,0,1,1,0,1,0,0,0,1,607.5366667
1,0,0,1,0,0,0,1,1,1,0,1,0,0,0,1,616.0866667
1,0,1,1,0,0,0,1,1,1,0,1,0,0,0,1,607.0333333
1,0,0,1,0,0,1,0,1,1,0,1,0,0,0,1,510.1833333
1,0,0,1,0,0,1,1,1,1,0,1,0,0,0,1,510.0166667
1,0,1,1,0,0,1,0,1,1,0,1,0,0,0,1,508.34
1,0,1,1,0,0,1,1,1,1,0,1,0,0,0,1,508.0033333
1,0,0,1,0,1,0,0,1,1,0,1,0,0,0,1,726.79
1,0,1,1,0,1,0,0,1,1,0,1,0,0,0,1,715.9933333
1,0,0,1,0,1,1,0,1,1,0,1,0,0,0,1,580.5433333
1,0,1,0,0,0,0,1,1,1,1,0,0,1,0,0,260.41
1,1,1,0,1,1,1,0,1,1,1,0,0,1,0,0,279.7533333
1,0,1,1,0,1,1,0,1,1,0,1,0,0,0,1,575.7
1,0,0,1,0,1,0,1,1,1,0,1,0,0,0,1,726.6433333
1,0,0,1,0,1,1,1,1,1,0,1,0,0,0,1,580.5766667
1,0,1,1,0,1,0,1,1,1,0,1,0,0,0,1,715.9066667
1,0,1,1,0,1,1,1,1,1,0,1,0,0,0,1,575.3966667
1,0,0,1,1,0,0,0,1,1,0,1,0,0,0,1,744.8933333
1,0,1,1,1,0,0,0,1,1,0,1,0,0,0,1,733.7766667
1,0,0,1,1,0,0,1,1,1,0,1,0,0,0,1,744.26
1,0,1,1,1,0,0,1,1,1,0,1,0,0,0,1,733.2166667
1,0,0,1,1,1,0,0,1,1,0,1,0,0,0,1,821.5266667
1,1,0,1,1,1,1,0,1,1,1,0,0,1,0,0,291.0433333
1,0,0,1,1,1,0,1,1,1,0,1,0,0,0,1,821.7566667
1,0,1,1,1,1,0,0,1,1,0,1,0,0,0,1,809.97
1,0,1,1,1,1,0,1,1,1,0,1,0,0,0,1,809.5
1,0,0,1,1,0,1,0,1,1,0,1,0,0,0,1,631.2833333
1,0,1,1,1,0,1,0,1,1,0,1,0,0,0,1,627.5
1,0,0,1,1,1,1,0,1,1,0,1,0,0,0,1,671.6966667
1,0,1,1,1,1,1,0,1,1,0,1,0,0,0,1,665.2933333
1,0,0,1,1,0,1,1,1,1,0,1,0,0,0,1,631.0533333
1,0,0,1,1,1,1,1,1,1,0,1,0,0,0,1,671.5
1,0,1,1,1,0,1,1,1,1,0,1,0,0,0,1,627.24
1,1,1,1,1,1,1,0,1,1,1,0,0,1,0,0,279.1533333
1,0,1,1,1,1,1,1,1,1,0,1,0,0,0,1,665.23
1,1,0,1,0,0,0,0,1,1,0,1,0,0,0,1,590.18
1,1,1,1,0,0,0,0,1,1,0,1,0,0,0,1,583.5266667
1,1,0,1,0,0,0,1,1,1,0,1,0,0,0,1,589.74
1,1,1,1,0,0,0,1,1,1,0,1,0,0,0,1,583.4266667
1,1,0,1,0,0,1,0,1,1,0,1,0,0,0,1,497.3333333
1,1,0,1,0,0,1,1,1,1,0,1,0,0,0,1,496.78
1,1,1,1,0,0,1,0,1,1,0,1,0,0,0,1,492.13
1,1,1,1,0,0,1,1,1,1,0,1,0,0,0,1,491.6966667
1,1,0,1,1,0,0,0,1,1,0,1,0,0,0,1,715.25
1,1,0,0,0,0,1,1,1,1,1,0,0,1,0,0,254.7066667
1,1,1,1,1,0,0,0,1,1,0,1,0,0,0,1,706.8333333
1,1,0,1,1,0,1,0,1,1,0,1,0,0,0,1,615.0933333
1,1,1,1,1,0,1,0,1,1,0,1,0,0,0,1,609.2
1,1,0,1,1,0,0,1,1,1,0,1,0,0,0,1,714.6666667
1,1,0,1,1,0,1,1,1,1,0,1,0,0,0,1,615.06
1,1,1,1,1,0,0,1,1,1,0,1,0,0,0,1,706.59
1,1,1,1,1,0,1,1,1,1,0,1,0,0,0,1,608.68
1,1,0,1,0,1,0,0,1,1,0,1,0,0,0,1,690.7166667
1,1,1,1,0,1,0,0,1,1,0,1,0,0,0,1,683.7633333
1,1,0,1,0,1,0,1,1,1,0,1,0,0,0,1,690.2166667
1,1,0,1,0,0,1,1,1,1,1,0,0,1,0,0,254.0133333
1,1,1,1,0,1,0,1,1,1,0,1,0,0,0,1,683.2566667
1,1,0,1,1,1,0,0,1,1,0,1,0,0,0,1,783.8766667
1,1,0,1,1,1,0,1,1,1,0,1,0,0,0,1,783.7766667
1,1,1,1,1,1,0,0,1,1,0,1,0,0,0,1,775.6633333
1,1,1,1,1,1,0,1,1,1,0,1,0,0,0,1,775.54
1,1,0,1,0,1,1,0,1,1,0,1,0,0,0,1,561.7433333
1,1,1,1,0,1,1,0,1,1,0,1,0,0,0,1,555.6133333
1,1,0,1,1,1,1,0,1,1,0,1,0,0,0,1,651.49
1,1,1,1,1,1,1,0,1,1,0,1,0,0,0,1,644.3566667
1,1,0,1,0,1,1,1,1,1,0,1,0,0,0,1,561.42
1,1,0,0,1,0,1,1,1,1,1,0,0,1,0,0,261.2066667
1,1,0,1,1,1,1,1,1,1,0,1,0,0,0,1,651.2866667
1,1,1,1,0,1,1,1,1,1,0,1,0,0,0,1,555.26
1,1,1,1,1,1,1,1,1,1,0,1,0,0,0,1,643.9833333
1,1,0,1,1,0,1,1,1,1,1,0,0,1,0,0,260.55
1,1,0,0,0,1,1,1,1,1,1,0,0,1,0,0,287.0866667
1,1,0,0,1,1,1,1,1,1,1,0,0,1,0,0,291.61
1,1,0,1,0,1,1,1,1,1,1,0,0,1,0,0,286.44
1,0,1,1,0,0,0,1,1,1,1,0,0,1,0,0,259.9033333
1,1,0,1,1,1,1,1,1,1,1,0,0,1,0,0,290.9166667
1,1,1,0,0,0,1,1,1,1,1,0,0,1,0,0,244.3333333
1,1,1,1,0,0,1,1,1,1,1,0,0,1,0,0,244.28
1,1,1,0,0,1,1,1,1,1,1,0,0,1,0,0,276.0266667
1,1,1,1,0,1,1,1,1,1,1,0,0,1,0,0,275.47
1,1,1,0,1,0,1,1,1,1,1,0,0,1,0,0,249.6066667
1,1,1,0,1,1,1,1,1,1,1,0,0,1,0,0,279.81
1,1,1,1,1,0,1,1,1,1,1,0,0,1,0,0,249.41
1,1,1,1,1,1,1,1,1,1,1,0,0,1,0,0,279.2666667
1,0,0,0,0,0,0,0,1,1,0,1,0,1,0,0,270.6566667
1,0,0,0,1,0,0,1,1,1,1,0,0,1,0,0,275.92
1,0,0,1,0,0,0,0,1,1,0,1,0,1,0,0,270.07
1,0,0,0,1,0,0,0,1,1,0,1,0,1,0,0,278.1966667
1,0,0,1,1,0,0,0,1,1,0,1,0,1,0,0,277.8133333
1,0,1,0,0,0,0,0,1,1,0,1,0,1,0,0,262.5633333
1,0,1,0,1,0,0,0,1,1,0,1,0,1,0,0,268.7866667
1,0,1,1,0,0,0,0,1,1,0,1,0,1,0,0,262.2333333
1,0,1,1,1,0,0,0,1,1,0,1,0,1,0,0,268.3966667
1,0,0,0,0,0,0,1,1,1,0,1,0,1,0,0,270.7066667
1,0,0,1,0,0,0,1,1,1,0,1,0,1,0,0,270.1533333
1,0,1,0,0,0,0,1,1,1,0,1,0,1,0,0,262.5666667
1,0,1,0,1,0,0,1,1,1,1,0,0,1,0,0,266.5266667
1,0,1,1,0,0,0,1,1,1,0,1,0,1,0,0,262.29
1,0,0,0,1,0,0,1,1,1,0,1,0,1,0,0,278.12
1,0,1,0,1,0,0,1,1,1,0,1,0,1,0,0,268.8733333
1,0,0,1,1,0,0,1,1,1,0,1,0,1,0,0,277.5333333
1,0,1,1,1,0,0,1,1,1,0,1,0,1,0,0,268.2066667
1,0,0,0,0,0,1,0,1,1,0,1,0,1,0,0,270.66
1,0,0,1,0,0,1,0,1,1,0,1,0,1,0,0,270.1366667
1,0,0,0,1,0,1,0,1,1,0,1,0,1,0,0,278.2266667
1,0,0,1,1,0,1,0,1,1,0,1,0,1,0,0,277.8533333
1,0,0,0,0,0,1,1,1,1,0,1,0,1,0,0,270.7266667
1,0,0,1,1,0,0,1,1,1,1,0,0,1,0,0,275.3733333
1,0,0,0,1,0,1,1,1,1,0,1,0,1,0,0,278.0766667
1,0,0,1,0,0,1,1,1,1,0,1,0,1,0,0,270.0133333
1,0,0,1,1,0,1,1,1,1,0,1,0,1,0,0,277.5633333
1,0,1,0,0,0,1,0,1,1,0,1,0,1,0,0,262.6533333
1,0,1,1,0,0,1,0,1,1,0,1,0,1,0,0,262.17
1,0,1,0,0,0,1,1,1,1,0,1,0,1,0,0,262.53
1,0,1,1,0,0,1,1,1,1,0,1,0,1,0,0,262.2766667
1,0,1,0,1,0,1,0,1,1,0,1,0,1,0,0,268.7633333
1,0,1,0,1,0,1,1,1,1,0,1,0,1,0,0,268.8833333
1,0,1,1,1,0,1,0,1,1,0,1,0,1,0,0,268.3966667
1,0,1,1,1,0,0,1,1,1,1,0,0,1,0,0,266.1133333
1,0,1,1,1,0,1,1,1,1,0,1,0,1,0,0,268.2633333
1,1,0,0,0,0,0,0,1,1,0,1,0,1,0,0,256.7266667
1,1,0,1,0,0,0,0,1,1,0,1,0,1,0,0,256.3333333
1,1,0,0,1,0,0,0,1,1,0,1,0,1,0,0,263.4366667
1,1,0,1,1,0,0,0,1,1,0,1,0,1,0,0,262.7933333
1,1,1,0,0,0,0,0,1,1,0,1,0,1,0,0,246.4866667
1,1,1,0,1,0,0,0,1,1,0,1,0,1,0,0,251.87
1,1,1,1,0,0,0,0,1,1,0,1,0,1,0,0,246.4
1,1,1,1,1,0,0,0,1,1,0,1,0,1,0,0,251.5733333
1,1,0,0,0,0,1,0,1,1,0,1,0,1,0,0,256.82
1,0,0,0,0,0,1,0,1,1,1,0,0,1,0,0,268.7733333
1,1,0,1,0,0,1,0,1,1,0,1,0,1,0,0,256.34
1,1,1,0,0,0,1,0,1,1,0,1,0,1,0,0,246.5433333
1,1,1,1,0,0,1,0,1,1,0,1,0,1,0,0,246.2733333
1,1,0,0,1,0,1,0,1,1,0,1,0,1,0,0,263.2066667
1,1,1,0,1,0,1,0,1,1,0,1,0,1,0,0,251.8233333
1,1,0,1,1,0,1,0,1,1,0,1,0,1,0,0,262.6433333
1,1,1,1,1,0,1,0,1,1,0,1,0,1,0,0,251.5866667
1,1,0,0,0,0,0,1,1,1,0,1,0,1,0,0,256.6666667
1,1,0,1,0,0,0,1,1,1,0,1,0,1,0,0,256.2733333
1,1,0,0,1,0,0,1,1,1,0,1,0,1,0,0,263.2533333
1,0,0,1,0,0,1,0,1,1,1,0,0,1,0,0,268.17
1,1,0,1,1,0,0,1,1,1,0,1,0,1,0,0,262.61
1,1,0,0,0,0,1,1,1,1,0,1,0,1,0,0,256.72
1,1,0,0,1,0,1,1,1,1,0,1,0,1,0,0,263.0733333
1,1,0,1,0,0,1,1,1,1,0,1,0,1,0,0,256.32
1,1,0,1,1,0,1,1,1,1,0,1,0,1,0,0,262.51
1,1,1,0,0,0,0,1,1,1,0,1,0,1,0,0,246.41
1,1,1,1,0,0,0,1,1,1,0,1,0,1,0,0,246.2
1,1,1,0,0,0,1,1,1,1,0,1,0,1,0,0,246.58
1,1,1,1,0,0,1,1,1,1,0,1,0,1,0,0,246.2366667
1,1,1,0,1,0,0,1,1,1,0,1,0,1,0,0,251.7866667
1,0,0,0,1,0,1,0,1,1,1,0,0,1,0,0,276.03
1,1,1,0,1,0,1,1,1,1,0,1,0,1,0,0,251.86
1,1,1,1,1,0,0,1,1,1,0,1,0,1,0,0,251.53
1,1,1,1,1,0,1,1,1,1,0,1,0,1,0,0,251.6366667
1,0,0,0,0,1,0,0,1,1,0,1,0,1,0,0,305.4566667
1,0,0,1,0,1,0,0,1,1,0,1,0,1,0,0,305.1733333
1,0,0,0,1,1,0,0,1,1,0,1,0,1,0,0,310.6966667
1,0,0,1,1,1,0,0,1,1,0,1,0,1,0,0,310.2866667
1,0,1,0,0,1,0,0,1,1,0,1,0,1,0,0,295.49
1,0,1,0,1,1,0,0,1,1,0,1,0,1,0,0,299.8133333
1,0,1,1,0,1,0,0,1,1,0,1,0,1,0,0,295.4266667
1,0,0,1,0,0,0,0,1,1,1,0,0,1,0,0,268.0166667
1,0,0,1,1,0,1,0,1,1,1,0,0,1,0,0,275.69
1,0,1,1,1,1,0,0,1,1,0,1,0,1,0,0,299.7066667
1,0,0,0,0,1,0,1,1,1,0,1,0,1,0,0,305.4433333
1,0,0,1,0,1,0,1,1,1,0,1,0,1,0,0,305.04
1,0,1,0,0,1,0,1,1,1,0,1,0,1,0,0,295.61
1,0,1,1,0,1,0,1,1,1,0,1,0,1,0,0,295.5033333
1,0,0,0,1,1,0,1,1,1,0,1,0,1,0,0,310.7766667
1,0,1,0,1,1,0,1,1,1,0,1,0,1,0,0,299.9066667
1,0,0,1,1,1,0,1,1,1,0,1,0,1,0,0,310.3166667
1,0,1,1,1,1,0,1,1,1,0,1,0,1,0,0,299.6266667
1,1,0,0,0,1,0,0,1,1,0,1,0,1,0,0,287.05
1,0,0,0,0,0,1,1,1,1,1,0,0,1,0,0,268.6033333
1,1,0,1,0,1,0,0,1,1,0,1,0,1,0,0,286.4266667
1,1,0,0,1,1,0,0,1,1,0,1,0,1,0,0,291.59
1,1,0,1,1,1,0,0,1,1,0,1,0,1,0,0,291.0666667
1,1,0,0,0,1,0,1,1,1,0,1,0,1,0,0,287.1066667
1,1,0,0,1,1,0,1,1,1,0,1,0,1,0,0,291.5766667
1,1,0,1,0,1,0,1,1,1,0,1,0,1,0,0,286.4
1,1,0,1,1,1,0,1,1,1,0,1,0,1,0,0,291.2
1,1,1,0,0,1,0,0,1,1,0,1,0,1,0,0,276.01
1,1,1,1,0,1,0,0,1,1,0,1,0,1,0,0,275.56
1,1,1,0,0,1,0,1,1,1,0,1,0,1,0,0,275.9733333
1,0,0,0,1,0,1,1,1,1,1,0,0,1,0,0,275.9566667
1,1,1,1,0,1,0,1,1,1,0,1,0,1,0,0,275.4533333
1,1,1,0,1,1,0,0,1,1,0,1,0,1,0,0,279.7533333
1,1,1,0,1,1,0,1,1,1,0,1,0,1,0,0,279.89
1,1,1,1,1,1,0,0,1,1,0,1,0,1,0,0,279.2466667
1,1,1,1,1,1,0,1,1,1,0,1,0,1,0,0,279.1566667
1,0,0,0,0,1,1,0,1,1,0,1,0,1,0,0,305.5033333
1,0,0,1,0,1,1,0,1,1,0,1,0,1,0,0,305.03
1,0,0,0,1,1,1,0,1,1,0,1,0,1,0,0,310.6966667
1,0,0,1,1,1,1,0,1,1,0,1,0,1,0,0,310.25
1,0,1,0,0,1,1,0,1,1,0,1,0,1,0,0,295.68
1,0,0,1,0,0,1,1,1,1,1,0,0,1,0,0,268.11
1,0,1,0,1,1,1,0,1,1,0,1,0,1,0,0,299.75
1,0,1,1,0,1,1,0,1,1,0,1,0,1,0,0,295.36
1,0,1,1,1,1,1,0,1,1,0,1,0,1,0,0,299.69
1,1,0,0,0,1,1,0,1,1,0,1,0,1,0,0,287.21
1,1,0,1,0,1,1,0,1,1,0,1,0,1,0,0,286.28
1,1,1,0,0,1,1,0,1,1,0,1,0,1,0,0,275.8966667
1,1,1,1,0,1,1,0,1,1,0,1,0,1,0,0,275.5233333
1,1,0,0,1,1,1,0,1,1,0,1,0,1,0,0,291.6733333
1,1,1,0,1,1,1,0,1,1,0,1,0,1,0,0,279.74
1,1,0,1,1,1,1,0,1,1,0,1,0,1,0,0,291.1733333
1,0,0,1,1,0,1,1,1,1,1,0,0,1,0,0,275.31
1,1,1,1,1,1,1,0,1,1,0,1,0,1,0,0,279.26
1,0,0,0,0,1,1,1,1,1,0,1,0,1,0,0,305.4333333
1,0,0,1,0,1,1,1,1,1,0,1,0,1,0,0,305.0
1,0,0,0,1,1,1,1,1,1,0,1,0,1,0,0,310.7533333
1,0,0,1,1,1,1,1,1,1,0,1,0,1,0,0,310.2833333
1,1,0,0,0,1,1,1,1,1,0,1,0,1,0,0,287.0366667
1,1,0,0,1,1,1,1,1,1,0,1,0,1,0,0,291.6033333
1,1,0,1,0,1,1,1,1,1,0,1,0,1,0,0,286.3366667
1,1,0,1,1,1,1,1,1,1,0,1,0,1,0,0,291.21
1,0,1,0,0,1,1,1,1,1,0,1,0,1,0,0,295.58
1,0,1,0,0,0,1,0,1,1,1,0,0,1,0,0,260.48
1,0,1,1,0,1,1,1,1,1,0,1,0,1,0,0,295.4466667
1,1,1,0,0,1,1,1,1,1,0,1,0,1,0,0,276.01
1,1,1,1,0,1,1,1,1,1,0,1,0,1,0,0,275.4066667
1,0,1,0,1,1,1,1,1,1,0,1,0,1,0,0,299.84
1,1,1,0,1,1,1,1,1,1,0,1,0,1,0,0,279.9033333
1,0,1,1,1,1,1,1,1,1,0,1,0,1,0,0,299.7333333
1,1,1,1,1,1,1,1,1,1,0,1,0,1,0,0,279.1933333
1,0,0,0,0,0,0,0,1,1,0,0,1,1,0,0,271.9666667
1,0,0,0,1,0,0,0,1,1,0,0,1,1,0,0,279.3566667
1,0,1,0,0,0,0,0,1,1,0,0,1,1,0,0,263.8233333
1,0,1,1,0,0,1,0,1,1,1,0,0,1,0,0,259.9633333
1,0,1,0,1,0,0,0,1,1,0,0,1,1,0,0,269.9166667
1,0,0,0,0,0,0,1,1,1,0,0,1,1,0,0,272.0033333
1,0,1,0,0,0,0,1,1,1,0,0,1,1,0,0,263.6433333
1,0,0,0,1,0,0,1,1,1,0,0,1,1,0,0,279.3333333
1,0,1,0,1,0,0,1,1,1,0,0,1,1,0,0,269.95
1,0,0,0,0,0,1,0,1,1,0,0,1,1,0,0,272.13
1,0,0,0,1,0,1,0,1,1,0,0,1,1,0,0,279.5333333
1,0,0,0,0,0,1,1,1,1,0,0,1,1,0,0,272.0533333
1,0,0,0,1,0,1,1,1,1,0,0,1,1,0,0,279.3033333
1,0,1,0,0,0,1,0,1,1,0,0,1,1,0,0,263.8866667
1,0,1,0,0,0,1,1,1,1,1,0,0,1,0,0,260.38
1,0,1,0,0,0,1,1,1,1,0,0,1,1,0,0,263.7533333
1,0,1,0,1,0,1,0,1,1,0,0,1,1,0,0,270.09
1,0,1,0,1,0,1,1,1,1,0,0,1,1,0,0,270.0633333
1,0,0,0,0,1,0,0,1,1,0,0,1,1,0,0,305.3833333
1,0,0,0,1,1,0,0,1,1,0,0,1,1,0,0,310.6066667
1,0,1,0,0,1,0,0,1,1,0,0,1,1,0,0,295.5766667
1,0,1,0,1,1,0,0,1,1,0,0,1,1,0,0,299.8666667
1,0,0,0,0,1,1,0,1,1,0,0,1,1,0,0,305.35
1,0,1,0,0,1,1,0,1,1,0,0,1,1,0,0,295.62
1,0,0,0,1,1,1,0,1,1,0,0,1,1,0,0,310.6733333
1,0,1,1,0,0,1,1,1,1,1,0,0,1,0,0,259.84
1,0,1,0,1,1,1,0,1,1,0,0,1,1,0,0,299.89
1,0,0,0,0,1,0,1,1,1,0,0,1,1,0,0,305.5
1,0,0,0,1,1,0,1,1,1,0,0,1,1,0,0,310.6866667
1,0,0,0,0,1,1,1,1,1,0,0,1,1,0,0,305.4333333
1,0,0,0,1,1,1,1,1,1,0,0,1,1,0,0,310.6733333
1,0,1,0,0,1,0,1,1,1,0,0,1,1,0,0,295.6066667
1,0,1,0,0,1,1,1,1,1,0,0,1,1,0,0,295.6833333
1,0,1,0,1,1,0,1,1,1,0,0,1,1,0,0,299.85
1,0,1,0,1,1,1,1,1,1,0,0,1,1,0,0,299.96
1,0,0,1,0,0,0,0,1,1,0,0,1,1,0,0,271.3366667
1,0,1,0,1,0,1,0,1,1,1,0,0,1,0,0,266.67
1,0,0,1,1,0,0,0,1,1,0,0,1,1,0,0,279.0366667
1,0,1,1,0,0,0,0,1,1,0,0,1,1,0,0,263.3666667
1,0,1,1,1,0,0,0,1,1,0,0,1,1,0,0,269.7333333
1,0,0,1,0,0,0,1,1,1,0,0,1,1,0,0,271.38
1,0,1,1,0,0,0,1,1,1,0,0,1,1,0,0,263.3633333
1,0,0,1,1,0,0,1,1,1,0,0,1,1,0,0,279.0833333
1,0,1,1,1,0,0,1,1,1,0,0,1,1,0,0,269.5233333
1,0,0,1,0,1,0,0,1,1,0,0,1,1,0,0,304.96
1,0,0,1,1,1,0,0,1,1,0,0,1,1,0,0,310.2266667
1,0,0,1,0,1,0,1,1,1,0,0,1,1,0,0,305.1466667
1,0,0,0,1,0,0,0,1,1,1,0,0,1,0,0,276.1033333
1,0,1,0,1,0,1,1,1,1,1,0,0,1,0,0,266.51
1,0,0,1,1,1,0,1,1,1,0,0,1,1,0,0,310.3266667
1,0,1,1,0,1,0,0,1,1,0,0,1,1,0,0,295.3533333
1,0,1,1,0,1,0,1,1,1,0,0,1,1,0,0,295.4233333
1,0,1,1,1,1,0,0,1,1,0,0,1,1,0,0,299.8133333
1,0,1,1,1,1,0,1,1,1,0,0,1,1,0,0,299.7966667
1,0,0,1,0,0,1,0,1,1,0,0,1,1,0,0,271.4166667
1,0,0,1,1,0,1,0,1,1,0,0,1,1,0,0,279.0966667
1,0,1,1,0,0,1,0,1,1,0,0,1,1,0,0,263.4033333
1,0,1,1,1,0,1,0,1,1,0,0,1,1,0,0,269.5833333
1,0,0,1,0,1,1,0,1,1,0,0,1,1,0,0,305.0266667
1,0,1,1,1,0,1,0,1,1,1,0,0,1,0,0,266.22
1,0,1,1,0,1,1,0,1,1,0,0,1,1,0,0,295.4133333
1,0,0,1,1,1,1,0,1,1,0,0,1,1,0,0,310.2633333
1,0,1,1,1,1,1,0,1,1,0,0,1,1,0,0,299.6766667
1,0,0,1,0,0,1,1,1,1,0,0,1,1,0,0,271.4033333
1,0,0,1,1,0,1,1,1,1,0,0,1,1,0,0,279.0133333
1,0,0,1,0,1,1,1,1,1,0,0,1,1,0,0,305.1033333
1,0,0,1,1,1,1,1,1,1,0,0,1,1,0,0,310.2533333
1,0,1,1,0,0,1,1,1,1,0,0,1,1,0,0,263.3733333
1,0,1,1,0,1,1,1,1,1,0,0,1,1,0,0,295.41
1,0,1,1,1,0,1,1,1,1,0,0,1,1,0,0,269.4933333
1,0,1,1,1,0,1,1,1,1,1,0,0,1,0,0,266.2733333
1,0,1,1,1,1,1,1,1,1,0,0,1,1,0,0,299.6766667
1,1,0,0,0,0,0,0,1,1,0,0,1,1,0,0,257.9733333
1,1,0,0,1,0,0,0,1,1,0,0,1,1,0,0,264.2933333
1,1,1,0,0,0,0,0,1,1,0,0,1,1,0,0,247.73
1,1,1,0,1,0,0,0,1,1,0,0,1,1,0,0,252.9633333
1,1,0,0,0,0,0,1,1,1,0,0,1,1,0,0,257.9266667
1,1,1,0,0,0,0,1,1,1,0,0,1,1,0,0,247.5066667
1,1,0,0,1,0,0,1,1,1,0,0,1,1,0,0,264.2866667
1,1,1,0,1,0,0,1,1,1,0,0,1,1,0,0,253.01
1,1,0,0,0,0,1,0,1,1,0,0,1,1,0,0,258.1133333
1,0,0,0,0,1,0,0,1,1,1,0,0,1,0,0,305.4
1,1,0,0,1,0,1,0,1,1,0,0,1,1,0,0,264.38
1,1,0,0,0,0,1,1,1,1,0,0,1,1,0,0,257.8766667
1,1,0,0,1,0,1,1,1,1,0,0,1,1,0,0,264.33
1,1,1,0,0,0,1,0,1,1,0,0,1,1,0,0,247.7166667
1,1,1,0,0,0,1,1,1,1,0,0,1,1,0,0,247.6933333
1,1,1,0,1,0,1,0,1,1,0,0,1,1,0,0,253.1266667
1,1,1,0,1,0,1,1,1,1,0,0,1,1,0,0,253.08
1,1,0,1,0,0,0,0,1,1,0,0,1,1,0,0,257.4633333
1,1,0,1,1,0,0,0,1,1,0,0,1,1,0,0,263.91
1,1,1,1,0,0,0,0,1,1,0,0,1,1,0,0,247.4833333
1,0,0,1,0,1,0,0,1,1,1,0,0,1,0,0,304.9
1,1,1,1,1,0,0,0,1,1,0,0,1,1,0,0,252.8266667
1,1,0,1,0,0,1,0,1,1,0,0,1,1,0,0,257.4066667
1,1,1,1,0,0,1,0,1,1,0,0,1,1,0,0,247.6666667
1,1,0,1,1,0,1,0,1,1,0,0,1,1,0,0,263.8466667
1,1,1,1,1,0,1,0,1,1,0,0,1,1,0,0,252.78
1,1,0,1,0,0,0,1,1,1,0,0,1,1,0,0,257.45
1,1,0,1,1,0,0,1,1,1,0,0,1,1,0,0,263.8533333
1,1,0,1,0,0,1,1,1,1,0,0,1,1,0,0,257.53
1,1,0,1,1,0,1,1,1,1,0,0,1,1,0,0,263.92
1,1,1,1,0,0,0,1,1,1,0,0,1,1,0,0,247.5166667
1,0,0,0,1,1,0,0,1,1,1,0,0,1,0,0,310.58
1,1,1,1,0,0,1,1,1,1,0,0,1,1,0,0,247.5366667
1,1,1,1,1,0,0,1,1,1,0,0,1,1,0,0,252.7366667
1,1,1,1,1,0,1,1,1,1,0,0,1,1,0,0,252.63
1,1,0,0,0,1,0,0,1,1,0,0,1,1,0,0,287.1133333
1,1,0,0,1,1,0,0,1,1,0,0,1,1,0,0,291.6433333
1,1,1,0,0,1,0,0,1,1,0,0,1,1,0,0,275.97
1,1,1,0,1,1,0,0,1,1,0,0,1,1,0,0,279.84
1,1,0,0,0,1,0,1,1,1,0,0,1,1,0,0,287.1066667
1,1,1,0,0,1,0,1,1,1,0,0,1,1,0,0,275.96
1,1,0,0,1,1,0,1,1,1,0,0,1,1,0,0,291.53
1,0,0,1,1,1,0,0,1,1,1,0,0,1,0,0,310.1766667
1,1,1,0,1,1,0,1,1,1,0,0,1,1,0,0,279.7566667
1,1,0,1,0,1,0,0,1,1,0,0,1,1,0,0,286.3533333
1,1,0,1,1,1,0,0,1,1,0,0,1,1,0,0,291.14
1,1,0,1,0,1,0,1,1,1,0,0,1,1,0,0,286.3266667
1,1,0,1,1,1,0,1,1,1,0,0,1,1,0,0,291.0566667
1,1,1,1,0,1,0,0,1,1,0,0,1,1,0,0,275.4533333
1,1,1,1,0,1,0,1,1,1,0,0,1,1,0,0,275.4266667
1,1,1,1,1,1,0,0,1,1,0,0,1,1,0,0,279.2233333
1,1,1,1,1,1,0,1,1,1,0,0,1,1,0,0,279.2166667
1,1,0,0,0,1,1,0,1,1,0,0,1,1,0,0,287.0533333
1,0,1,0,0,1,0,0,1,1,1,0,0,1,0,0,295.47
1,1,0,0,1,1,1,0,1,1,0,0,1,1,0,0,291.4833333
1,1,1,0,0,1,1,0,1,1,0,0,1,1,0,0,275.9866667
1,1,1,0,1,1,1,0,1,1,0,0,1,1,0,0,279.8533333
1,1,0,1,0,1,1,0,1,1,0,0,1,1,0,0,286.47
1,1,1,1,0,1,1,0,1,1,0,0,1,1,0,0,275.39
1,1,0,1,1,1,1,0,1,1,0,0,1,1,0,0,291.2766667
1,1,1,1,1,1,1,0,1,1,0,0,1,1,0,0,279.13
1,1,0,0,0,1,1,1,1,1,0,0,1,1,0,0,287.0633333
1,1,0,0,1,1,1,1,1,1,0,0,1,1,0,0,291.5866667
1,1,0,1,0,1,1,1,1,1,0,0,1,1,0,0,286.4566667
1,0,1,0,1,1,0,0,1,1,1,0,0,1,0,0,299.66
1,1,0,1,1,1,1,1,1,1,0,0,1,1,0,0,291.2366667
1,1,1,0,0,1,1,1,1,1,0,0,1,1,0,0,276.0733333
1,1,1,1,0,1,1,1,1,1,0,0,1,1,0,0,275.46
1,1,1,0,1,1,1,1,1,1,0,0,1,1,0,0,279.9266667
1,1,1,1,1,1,1,1,1,1,0,0,1,1,0,0,279.2466667
1,0,0,0,0,0,0,0,1,1,0,1,0,0,1,0,444.6
1,0,0,1,0,0,0,0,1,1,0,1,0,0,1,0,446.6333333
1,0,0,0,1,0,0,0,1,1,0,1,0,0,1,0,515.5433333
1,0,0,1,1,0,0,0,1,1,0,1,0,0,1,0,518.1433333
1,0,1,0,0,0,0,0,1,1,0,1,0,0,1,0,438.1966667
1,0,1,1,0,1,0,0,1,1,1,0,0,1,0,0,295.3666667
1,0,1,0,1,0,0,0,1,1,0,1,0,0,1,0,507.75
1,0,1,1,0,0,0,0,1,1,0,1,0,0,1,0,439.6066667
1,0,1,1,1,0,0,0,1,1,0,1,0,0,1,0,509.2733333
1,0,0,0,0,0,0,1,1,1,0,1,0,0,1,0,444.3333333
1,0,0,1,0,0,0,1,1,1,0,1,0,0,1,0,446.6
1,0,1,0,0,0,0,1,1,1,0,1,0,0,1,0,437.9333333
1,0,1,1,0,0,0,1,1,1,0,1,0,0,1,0,439.26
1,0,0,0,1,0,0,1,1,1,0,1,0,0,1,0,515.6633333
1,0,1,0,1,0,0,1,1,1,0,1,0,0,1,0,507.39
1,0,0,1,1,0,0,1,1,1,0,1,0,0,1,0,517.1233333
1,0,0,1,1,0,0,0,1,1,1,0,0,1,0,0,275.4266667
1,0,1,1,1,1,0,0,1,1,1,0,0,1,0,0,299.6366667
1,0,1,1,1,0,0,1,1,1,0,1,0,0,1,0,508.6233333
1,0,0,0,0,0,1,0,1,1,0,1,0,0,1,0,383.0533333
1,0,0,1,0,0,1,0,1,1,0,1,0,0,1,0,382.12
1,0,0,0,1,0,1,0,1,1,0,1,0,0,1,0,449.28
1,0,0,1,1,0,1,0,1,1,0,1,0,0,1,0,448.53
1,0,0,0,0,0,1,1,1,1,0,1,0,0,1,0,382.8833333
1,0,0,0,1,0,1,1,1,1,0,1,0,0,1,0,449.1333333
1,0,0,1,0,0,1,1,1,1,0,1,0,0,1,0,382.01
1,0,0,1,1,0,1,1,1,1,0,1,0,0,1,0,448.11
1,0,1,0,0,0,1,0,1,1,0,1,0,0,1,0,380.6633333
1,0,0,0,0,1,1,0,1,1,1,0,0,1,0,0,305.26
1,0,1,1,0,0,1,0,1,1,0,1,0,0,1,0,379.4566667
1,0,1,0,0,0,1,1,1,1,0,1,0,0,1,0,380.2766667
1,0,1,1,0,0,1,1,1,1,0,1,0,0,1,0,379.4
1,0,1,0,1,0,1,0,1,1,0,1,0,0,1,0,445.8366667
1,0,1,0,1,0,1,1,1,1,0,1,0,0,1,0,445.4566667
1,0,1,1,1,0,1,0,1,1,0,1,0,0,1,0,444.6066667
1,0,1,1,1,0,1,1,1,1,0,1,0,0,1,0,444.38
1,0,0,0,0,1,0,0,1,1,0,1,0,0,1,0,519.5833333
1,0,0,1,0,1,0,0,1,1,0,1,0,0,1,0,521.8433333
1,0,0,0,1,1,0,0,1,1,0,1,0,0,1,0,571.3966667
1,0,0,1,0,1,1,0,1,1,1,0,0,1,0,0,304.9666667
1,0,0,1,1,1,0,0,1,1,0,1,0,0,1,0,573.63
1,0,1,0,0,1,0,0,1,1,0,1,0,0,1,0,511.58
1,0,1,0,1,1,0,0,1,1,0,1,0,0,1,0,562.6766667
1,0,1,1,0,1,0,0,1,1,0,1,0,0,1,0,513.2333333
1,0,1,1,1,1,0,0,1,1,0,1,0,0,1,0,564.2
1,0,0,0,0,1,1,0,1,1,0,1,0,0,1,0,433.2233333
1,0,0,1,0,1,1,0,1,1,0,1,0,0,1,0,432.6666667
1,0,1,0,0,1,1,0,1,1,0,1,0,0,1,0,428.3833333
1,0,1,1,0,1,1,0,1,1,0,1,0,0,1,0,427.7533333
1,0,0,0,1,1,1,0,1,1,0,1,0,0,1,0,482.8766667
1,0,1,0,0,1,1,0,1,1,1,0,0,1,0,0,295.5066667
1,0,1,0,1,1,1,0,1,1,0,1,0,0,1,0,476.9133333
1,0,0,1,1,1,1,0,1,1,0,1,0,0,1,0,482.2566667
1,0,1,1,1,1,1,0,1,1,0,1,0,0,1,0,476.33
1,0,0,0,0,1,0,1,1,1,0,1,0,0,1,0,519.1533333
1,0,0,1,0,1,0,1,1,1,0,1,0,0,1,0,521.6066667
1,0,0,0,1,1,0,1,1,1,0,1,0,0,1,0,571.31
1,0,0,1,1,1,0,1,1,1,0,1,0,0,1,0,573.4
1,0,0,0,0,1,1,1,1,1,0,1,0,0,1,0,433.1533333
1,0,0,0,1,1,1,1,1,1,0,1,0,0,1,0,482.6133333
1,0,0,1,0,1,1,1,1,1,0,1,0,0,1,0,432.7966667
1,0,1,1,0,1,1,0,1,1,1,0,0,1,0,0,295.2566667
1,0,0,1,1,1,1,1,1,1,0,1,0,0,1,0,482.04
1,0,1,0,0,1,0,1,1,1,0,1,0,0,1,0,511.3433333
1,0,1,1,0,1,0,1,1,1,0,1,0,0,1,0,513.0
1,0,1,0,0,1,1,1,1,1,0,1,0,0,1,0,428.0733333
1,0,1,1,0,1,1,1,1,1,0,1,0,0,1,0,427.4766667
1,0,1,0,1,1,0,1,1,1,0,1,0,0,1,0,562.2966667
1,0,1,0,1,1,1,1,1,1,0,1,0,0,1,0,476.9533333
1,0,1,1,1,1,0,1,1,1,0,1,0,0,1,0,564.03
1,0,1,1,1,1,1,1,1,1,0,1,0,0,1,0,476.1266667
1,1,0,0,0,0,0,0,1,1,0,1,0,0,1,0,425.15
1,0,0,0,1,1,1,0,1,1,1,0,0,1,0,0,310.52
1,1,0,1,0,0,0,0,1,1,0,1,0,0,1,0,427.07
1,1,0,0,1,0,0,0,1,1,0,1,0,0,1,0,493.8933333
1,1,0,1,1,0,0,0,1,1,0,1,0,0,1,0,495.1
1,1,1,0,0,0,0,0,1,1,0,1,0,0,1,0,418.5633333
1,1,1,0,1,0,0,0,1,1,0,1,0,0,1,0,486.6366667
1,1,1,1,0,0,0,0,1,1,0,1,0,0,1,0,420.01
1,1,1,1,1,0,0,0,1,1,0,1,0,0,1,0,487.3733333
1,1,0,0,0,0,0,1,1,1,0,1,0,0,1,0,424.82
1,1,0,1,0,0,0,1,1,1,0,1,0,0,1,0,426.75
1,1,1,0,0,0,0,1,1,1,0,1,0,0,1,0,418.1233333
1,0,1,0,1,1,1,0,1,1,1,0,0,1,0,0,299.77
1,1,1,1,0,0,0,1,1,1,0,1,0,0,1,0,419.82
1,1,0,0,1,0,0,1,1,1,0,1,0,0,1,0,493.44
1,1,1,0,1,0,0,1,1,1,0,1,0,0,1,0,486.57
1,1,0,1,1,0,0,1,1,1,0,1,0,0,1,0,494.2666667
1,1,1,1,1,0,0,1,1,1,0,1,0,0,1,0,487.0566667
1,1,0,0,0,1,0,0,1,1,0,1,0,0,1,0,492.3066667
1,1,0,1,0,1,0,0,1,1,0,1,0,0,1,0,494.2333333
1,1,0,0,1,1,0,0,1,1,0,1,0,0,1,0,543.4633333
1,1,0,1,1,1,0,0,1,1,0,1,0,0,1,0,544.74
1,1,0,0,0,1,0,1,1,1,0,1,0,0,1,0,492.3533333
1,0,0,1,1,1,1,0,1,1,1,0,0,1,0,0,310.1533333
1,1,0,0,1,1,0,1,1,1,0,1,0,0,1,0,543.2166667
1,1,0,1,0,1,0,1,1,1,0,1,0,0,1,0,493.71
1,1,0,1,1,1,0,1,1,1,0,1,0,0,1,0,544.75
1,1,1,0,0,1,0,0,1,1,0,1,0,0,1,0,485.4766667
1,1,1,1,0,1,0,0,1,1,0,1,0,0,1,0,487.01
1,1,1,0,0,1,0,1,1,1,0,1,0,0,1,0,485.5233333
1,1,1,1,0,1,0,1,1,1,0,1,0,0,1,0,486.8266667
1,1,1,0,1,1,0,0,1,1,0,1,0,0,1,0,535.8
1,1,1,0,1,1,0,1,1,1,0,1,0,0,1,0,535.86
1,1,1,1,1,1,0,0,1,1,0,1,0,0,1,0,537.1433333
1,0,1,1,1,1,1,0,1,1,1,0,0,1,0,0,299.6366667
1,1,1,1,1,1,0,1,1,1,0,1,0,0,1,0,536.8766667
1,1,0,0,0,0,1,0,1,1,0,1,0,0,1,0,369.81
1,1,0,1,0,0,1,0,1,1,0,1,0,0,1,0,368.9866667
1,1,0,0,1,0,1,0,1,1,0,1,0,0,1,0,433.86
1,1,0,1,1,0,1,0,1,1,0,1,0,0,1,0,433.0
1,1,1,0,0,0,1,0,1,1,0,1,0,0,1,0,364.76
1,1,1,0,1,0,1,0,1,1,0,1,0,0,1,0,428.4133333
1,1,1,1,0,0,1,0,1,1,0,1,0,0,1,0,363.9366667
1,1,1,1,1,0,1,0,1,1,0,1,0,0,1,0,427.2433333
1,1,0,0,0,1,1,0,1,1,0,1,0,0,1,0,414.8466667
1,0,0,0,0,1,0,1,1,1,1,0,0,1,0,0,305.2833333
1,1,0,1,0,1,1,0,1,1,0,1,0,0,1,0,414.1733333
1,1,1,0,0,1,1,0,1,1,0,1,0,0,1,0,408.75
1,1,1,1,0,1,1,0,1,1,0,1,0,0,1,0,408.0733333
1,1,0,0,1,1,1,0,1,1,0,1,0,0,1,0,463.39
1,1,1,0,1,1,1,0,1,1,0,1,0,0,1,0,456.7066667
1,1,0,1,1,1,1,0,1,1,0,1,0,0,1,0,462.57
1,1,1,1,1,1,1,0,1,1,0,1,0,0,1,0,455.68
1,1,0,0,0,0,1,1,1,1,0,1,0,0,1,0,369.4633333
1,1,0,1,0,0,1,1,1,1,0,1,0,0,1,0,368.63
1,1,0,0,1,0,1,1,1,1,0,1,0,0,1,0,433.6933333
1,0,1,0,0,0,0,0,1,1,1,0,0,1,0,0,260.2666667
1,0,0,1,0,1,0,1,1,1,1,0,0,1,0,0,304.9966667
1,1,0,1,1,0,1,1,1,1,0,1,0,0,1,0,432.77
1,1,0,0,0,1,1,1,1,1,0,1,0,0,1,0,414.6866667
1,1,0,0,1,1,1,1,1,1,0,1,0,0,1,0,463.3466667
1,1,0,1,0,1,1,1,1,1,0,1,0,0,1,0,413.88
1,1,0,1,1,1,1,1,1,1,0,1,0,0,1,0,462.4366667
1,1,1,0,0,0,1,1,1,1,0,1,0,0,1,0,364.3466667
1,1,1,1,0,0,1,1,1,1,0,1,0,0,1,0,363.56
1,1,1,0,0,1,1,1,1,1,0,1,0,0,1,0,408.6166667
1,1,1,1,0,1,1,1,1,1,0,1,0,0,1,0,407.6866667
1,1,1,0,1,0,1,1,1,1,0,1,0,0,1,0,428.16
1,0,0,0,1,1,0,1,1,1,1,0,0,1,0,0,310.5766667
1,1,1,0,1,1,1,1,1,1,0,1,0,0,1,0,456.3633333
1,1,1,1,1,0,1,1,1,1,0,1,0,0,1,0,427.06
1,1,1,1,1,1,1,1,1,1,0,1,0,0,1,0,455.4
1,0,0,0,0,0,0,0,1,1,0,0,1,0,1,0,445.5766667
1,0,0,1,0,0,0,0,1,1,0,0,1,0,1,0,447.6266667
1,0,0,0,1,0,0,0,1,1,0,0,1,0,1,0,516.7666667
1,0,0,1,1,0,0,0,1,1,0,0,1,0,1,0,518.8
1,0,1,0,0,0,0,0,1,1,0,0,1,0,1,0,439.1066667
1,0,1,0,1,0,0,0,1,1,0,0,1,0,1,0,508.9833333
1,0,1,1,0,0,0,0,1,1,0,0,1,0,1,0,440.6733333
1,0,0,1,1,1,0,1,1,1,1,0,0,1,0,0,310.2166667
1,0,1,1,1,0,0,0,1,1,0,0,1,0,1,0,510.21
1,0,0,0,0,0,0,1,1,1,0,0,1,0,1,0,445.4866667
1,0,0,1,0,0,0,1,1,1,0,0,1,0,1,0,447.6466667
1,0,1,0,0,0,0,1,1,1,0,0,1,0,1,0,439.02
1,0,1,1,0,0,0,1,1,1,0,0,1,0,1,0,440.41
1,0,0,0,1,0,0,1,1,1,0,0,1,0,1,0,516.5866667
1,0,1,0,1,0,0,1,1,1,0,0,1,0,1,0,508.5466667
1,0,0,1,1,0,0,1,1,1,0,0,1,0,1,0,518.5666667
1,0,1,1,1,0,0,1,1,1,0,0,1,0,1,0,509.8033333
1,0,0,0,0,0,1,0,1,1,0,0,1,0,1,0,384.1966667
1,0,0,0,0,1,1,1,1,1,1,0,0,1,0,0,305.48
1,0,0,1,0,0,1,0,1,1,0,0,1,0,1,0,383.26
1,0,0,0,1,0,1,0,1,1,0,0,1,0,1,0,450.1566667
1,0,0,1,1,0,1,0,1,1,0,0,1,0,1,0,449.3833333
1,0,0,0,0,0,1,1,1,1,0,0,1,0,1,0,383.89
1,0,0,0,1,0,1,1,1,1,0,0,1,0,1,0,450.13
1,0,0,1,0,0,1,1,1,1,0,0,1,0,1,0,382.98
1,0,0,1,1,0,1,1,1,1,0,0,1,0,1,0,449.03
1,0,1,0,0,0,1,0,1,1,0,0,1,0,1,0,381.4033333
1,0,1,1,0,0,1,0,1,1,0,0,1,0,1,0,380.5266667
1,0,1,0,0,0,1,1,1,1,0,0,1,0,1,0,381.2133333
1,0,0,0,1,1,1,1,1,1,1,0,0,1,0,0,310.7933333
1,0,1,1,0,0,1,1,1,1,0,0,1,0,1,0,380.18
1,0,1,0,1,0,1,0,1,1,0,0,1,0,1,0,446.64
1,0,1,0,1,0,1,1,1,1,0,0,1,0,1,0,446.63
1,0,1,1,1,0,1,0,1,1,0,0,1,0,1,0,445.6666667
1,0,1,1,1,0,1,1,1,1,0,0,1,0,1,0,445.2133333
1,1,0,0,0,0,0,0,1,1,0,0,1,0,1,0,426.4166667
1,1,0,1,0,0,0,0,1,1,0,0,1,0,1,0,428.0266667
1,1,0,0,1,0,0,0,1,1,0,0,1,0,1,0,494.5966667
1,1,0,1,1,0,0,0,1,1,0,0,1,0,1,0,495.56
1,1,1,0,0,0,0,0,1,1,0,0,1,0,1,0,419.7
1,0,0,1,0,1,1,1,1,1,1,0,0,1,0,0,304.94
1,1,1,0,1,0,0,0,1,1,0,0,1,0,1,0,487.7366667
1,1,1,1,0,0,0,0,1,1,0,0,1,0,1,0,421.1133333
1,1,1,1,1,0,0,0,1,1,0,0,1,0,1,0,488.7733333
1,1,0,0,0,0,1,0,1,1,0,0,1,0,1,0,370.77
1,1,0,1,0,0,1,0,1,1,0,0,1,0,1,0,369.68
1,1,1,0,0,0,1,0,1,1,0,0,1,0,1,0,365.9033333
1,1,1,1,0,0,1,0,1,1,0,0,1,0,1,0,365.04
1,1,0,0,1,0,1,0,1,1,0,0,1,0,1,0,434.97
1,1,1,0,1,0,1,0,1,1,0,0,1,0,1,0,429.6433333
1,1,0,1,1,0,1,0,1,1,0,0,1,0,1,0,433.9133333
1,0,0,1,1,1,1,1,1,1,1,0,0,1,0,0,310.29
1,1,1,1,1,0,1,0,1,1,0,0,1,0,1,0,428.2633333
1,1,0,0,0,0,0,1,1,1,0,0,1,0,1,0,425.8733333
1,1,0,1,0,0,0,1,1,1,0,0,1,0,1,0,427.7966667
1,1,0,0,1,0,0,1,1,1,0,0,1,0,1,0,494.32
1,1,0,1,1,0,0,1,1,1,0,0,1,0,1,0,495.45
1,1,0,0,0,0,1,1,1,1,0,0,1,0,1,0,370.5566667
1,1,0,0,1,0,1,1,1,1,0,0,1,0,1,0,434.6433333
1,1,0,1,0,0,1,1,1,1,0,0,1,0,1,0,369.6166667
1,1,0,1,1,0,1,1,1,1,0,0,1,0,1,0,433.9266667
1,1,1,0,0,0,0,1,1,1,0,0,1,0,1,0,419.3966667
1,0,1,0,0,1,0,1,1,1,1,0,0,1,0,0,295.59
1,1,1,1,0,0,0,1,1,1,0,0,1,0,1,0,420.6833333
1,1,1,0,0,0,1,1,1,1,0,0,1,0,1,0,365.4433333
1,1,1,1,0,0,1,1,1,1,0,0,1,0,1,0,364.4966667
1,1,1,0,1,0,0,1,1,1,0,0,1,0,1,0,487.5833333
1,1,1,0,1,0,1,1,1,1,0,0,1,0,1,0,429.2566667
1,1,1,1,1,0,0,1,1,1,0,0,1,0,1,0,488.26
1,1,1,1,1,0,1,1,1,1,0,0,1,0,1,0,428.1566667
1,0,0,0,0,1,0,0,1,1,0,0,1,0,1,0,519.4133333
1,0,0,1,0,1,0,0,1,1,0,0,1,0,1,0,521.98
1,0,0,0,1,1,0,0,1,1,0,0,1,0,1,0,571.51
1,0,1,1,0,1,0,1,1,1,1,0,0,1,0,0,295.3333333
1,0,0,1,1,1,0,0,1,1,0,0,1,0,1,0,573.7566667
1,0,1,0,0,1,0,0,1,1,0,0,1,0,1,0,511.3733333
1,0,1,0,1,1,0,0,1,1,0,0,1,0,1,0,562.9233333
1,0,1,1,0,1,0,0,1,1,0,0,1,0,1,0,513.5233333
1,0,1,1,1,1,0,0,1,1,0,0,1,0,1,0,564.1666667
1,0,0,0,0,1,0,1,1,1,0,0,1,0,1,0,518.96
1,0,0,1,0,1,0,1,1,1,0,0,1,0,1,0,521.51
1,0,1,0,0,1,0,1,1,1,0,0,1,0,1,0,511.4066667
1,0,1,1,0,1,0,1,1,1,0,0,1,0,1,0,512.7733333
1,0,0,0,1,1,0,1,1,1,0,0,1,0,1,0,571.4733333
1,0,1,0,0,1,1,1,1,1,1,0,0,1,0,0,295.5266667
1,0,1,0,1,1,0,1,1,1,0,0,1,0,1,0,562.1866667
1,0,0,1,1,1,0,1,1,1,0,0,1,0,1,0,573.24
1,0,1,1,1,1,0,1,1,1,0,0,1,0,1,0,564.1466667
1,1,0,0,0,1,0,0,1,1,0,0,1,0,1,0,492.3666667
1,1,0,1,0,1,0,0,1,1,0,0,1,0,1,0,494.34
1,1,0,0,1,1,0,0,1,1,0,0,1,0,1,0,543.5233333
1,1,0,1,1,1,0,0,1,1,0,0,1,0,1,0,544.8233333
1,1,0,0,0,1,0,1,1,1,0,0,1,0,1,0,492.36
1,1,0,0,1,1,0,1,1,1,0,0,1,0,1,0,543.0833333
1,1,0,1,0,1,0,1,1,1,0,0,1,0,1,0,493.7033333
1,0,1,0,1,0,0,0,1,1,1,0,0,1,0,0,266.4833333
1,0,1,1,0,1,1,1,1,1,1,0,0,1,0,0,295.41
1,1,0,1,1,1,0,1,1,1,0,0,1,0,1,0,544.58
1,1,1,0,0,1,0,0,1,1,0,0,1,0,1,0,485.59
1,1,1,1,0,1,0,0,1,1,0,0,1,0,1,0,486.9733333
1,1,1,0,0,1,0,1,1,1,0,0,1,0,1,0,485.4366667
1,1,1,1,0,1,0,1,1,1,0,0,1,0,1,0,487.1166667
1,1,1,0,1,1,0,0,1,1,0,0,1,0,1,0,535.7066667
1,1,1,0,1,1,0,1,1,1,0,0,1,0,1,0,535.5533333
1,1,1,1,1,1,0,0,1,1,0,0,1,0,1,0,537.1133333
1,1,1,1,1,1,0,1,1,1,0,0,1,0,1,0,536.85
1,0,0,0,0,1,1,0,1,1,0,0,1,0,1,0,433.2233333
1,0,1,0,1,1,0,1,1,1,1,0,0,1,0,0,299.69
1,0,0,1,0,1,1,0,1,1,0,0,1,0,1,0,432.7566667
1,0,0,0,1,1,1,0,1,1,0,0,1,0,1,0,482.8166667
1,0,0,1,1,1,1,0,1,1,0,0,1,0,1,0,482.3766667
1,0,1,0,0,1,1,0,1,1,0,0,1,0,1,0,428.3733333
1,0,1,0,1,1,1,0,1,1,0,0,1,0,1,0,476.8633333
1,0,1,1,0,1,1,0,1,1,0,0,1,0,1,0,427.7933333
1,0,1,1,1,1,1,0,1,1,0,0,1,0,1,0,476.31
1,1,0,0,0,1,1,0,1,1,0,0,1,0,1,0,414.9966667
1,1,0,1,0,1,1,0,1,1,0,0,1,0,1,0,414.2433333
1,1,1,0,0,1,1,0,1,1,0,0,1,0,1,0,408.6833333
1,0,1,0,1,1,1,1,1,1,1,0,0,1,0,0,299.8433333
1,1,1,1,0,1,1,0,1,1,0,0,1,0,1,0,407.99
1,1,0,0,1,1,1,0,1,1,0,0,1,0,1,0,463.31
1,1,1,0,1,1,1,0,1,1,0,0,1,0,1,0,456.6166667
1,1,0,1,1,1,1,0,1,1,0,0,1,0,1,0,462.74
1,1,1,1,1,1,1,0,1,1,0,0,1,0,1,0,455.72
1,0,0,0,0,1,1,1,1,1,0,0,1,0,1,0,433.2133333
1,0,0,1,0,1,1,1,1,1,0,0,1,0,1,0,432.6766667
1,0,0,0,1,1,1,1,1,1,0,0,1,0,1,0,482.64
1,0,0,1,1,1,1,1,1,1,0,0,1,0,1,0,482.08
1,1,0,0,0,1,1,1,1,1,0,0,1,0,1,0,414.67
1,0,1,1,1,1,0,1,1,1,1,0,0,1,0,0,299.6466667
1,1,0,0,1,1,1,1,1,1,0,0,1,0,1,0,463.5
1,1,0,1,0,1,1,1,1,1,0,0,1,0,1,0,413.9133333
1,1,0,1,1,1,1,1,1,1,0,0,1,0,1,0,462.5
1,0,1,0,0,1,1,1,1,1,0,0,1,0,1,0,428.02
1,0,1,1,0,1,1,1,1,1,0,0,1,0,1,0,427.52
1,1,1,0,0,1,1,1,1,1,0,0,1,0,1,0,408.6066667
1,1,1,1,0,1,1,1,1,1,0,0,1,0,1,0,407.7633333
1,0,1,0,1,1,1,1,1,1,0,0,1,0,1,0,476.9
1,1,1,0,1,1,1,1,1,1,0,0,1,0,1,0,456.4366667
1,0,1,1,1,1,1,1,1,1,0,0,1,0,1,0,476.0933333
1,0,1,1,1,1,1,1,1,1,1,0,0,1,0,0,299.7033333
1,1,1,1,1,1,1,1,1,1,0,0,1,0,1,0,455.5133333
1,0,0,0,0,0,0,0,1,1,1,0,0,0,1,0,442.25
1,0,0,0,1,0,0,0,1,1,1,0,0,0,1,0,514.17
1,0,1,0,0,0,0,0,1,1,1,0,0,0,1,0,436.1166667
1,0,1,0,1,0,0,0,1,1,1,0,0,0,1,0,505.8566667
1,0,0,0,0,0,0,1,1,1,1,0,0,0,1,0,442.5466667
1,0,1,0,0,0,0,1,1,1,1,0,0,0,1,0,435.9766667
1,0,0,0,1,0,0,1,1,1,1,0,0,0,1,0,513.53
1,0,1,0,1,0,0,1,1,1,1,0,0,0,1,0,505.6366667
1,0,0,0,0,0,1,0,1,1,1,0,0,0,1,0,381.1233333
1,1,0,0,0,0,0,0,1,1,1,0,0,1,0,0,254.5866667
1,0,0,0,1,0,1,0,1,1,1,0,0,0,1,0,447.4233333
1,0,0,0,0,0,1,1,1,1,1,0,0,0,1,0,380.84
1,0,0,0,1,0,1,1,1,1,1,0,0,0,1,0,447.1366667
1,0,1,0,0,0,1,0,1,1,1,0,0,0,1,0,378.4166667
1,0,1,0,0,0,1,1,1,1,1,0,0,0,1,0,378.2833333
1,0,1,0,1,0,1,0,1,1,1,0,0,0,1,0,443.92
1,0,1,0,1,0,1,1,1,1,1,0,0,0,1,0,443.6466667
1,0,0,0,0,1,0,0,1,1,1,0,0,0,1,0,519.5866667
1,0,0,0,1,1,0,0,1,1,1,0,0,0,1,0,571.5666667
1,0,1,0,0,1,0,0,1,1,1,0,0,0,1,0,511.6933333
1,1,0,1,0,0,0,0,1,1,1,0,0,1,0,0,254.1766667
1,0,1,0,1,1,0,0,1,1,1,0,0,0,1,0,562.57
1,0,0,0,0,1,1,0,1,1,1,0,0,0,1,0,433.2233333
1,0,1,0,0,1,1,0,1,1,1,0,0,0,1,0,428.4266667
1,0,0,0,1,1,1,0,1,1,1,0,0,0,1,0,482.9033333
1,0,1,0,1,1,1,0,1,1,1,0,0,0,1,0,476.9966667
1,0,0,0,0,1,0,1,1,1,1,0,0,0,1,0,519.0266667
1,0,0,0,1,1,0,1,1,1,1,0,0,0,1,0,571.35
1,0,0,0,0,1,1,1,1,1,1,0,0,0,1,0,433.2666667
1,0,0,0,1,1,1,1,1,1,1,0,0,0,1,0,482.59
1,0,1,0,0,1,0,1,1,1,1,0,0,0,1,0,511.48
1,1,0,0,1,0,0,0,1,1,1,0,0,1,0,0,261.0766667
1,0,1,0,0,1,1,1,1,1,1,0,0,0,1,0,428.0833333
1,0,1,0,1,1,0,1,1,1,1,0,0,0,1,0,562.1833333
1,0,1,0,1,1,1,1,1,1,1,0,0,0,1,0,476.9366667
1,0,0,1,0,0,0,0,1,1,1,0,0,0,1,0,444.71
1,0,0,1,1,0,0,0,1,1,1,0,0,0,1,0,516.22
1,0,1,1,0,0,0,0,1,1,1,0,0,0,1,0,437.92
1,0,1,1,1,0,0,0,1,1,1,0,0,0,1,0,507.4033333
1,0,0,1,0,0,0,1,1,1,1,0,0,0,1,0,444.52
1,0,1,1,0,0,0,1,1,1,1,0,0,0,1,0,437.4833333
1,0,0,1,1,0,0,1,1,1,1,0,0,0,1,0,515.6866667
1,1,0,1,1,0,0,0,1,1,1,0,0,1,0,0,260.4966667
1,0,1,1,1,0,0,1,1,1,1,0,0,0,1,0,506.93
1,0,0,1,0,1,0,0,1,1,1,0,0,0,1,0,521.7
1,0,0,1,1,1,0,0,1,1,1,0,0,0,1,0,573.6533333
1,0,0,1,0,1,0,1,1,1,1,0,0,0,1,0,521.4433333
1,0,0,1,1,1,0,1,1,1,1,0,0,0,1,0,573.46
1,0,1,1,0,1,0,0,1,1,1,0,0,0,1,0,513.2333333
1,0,1,1,0,1,0,1,1,1,1,0,0,0,1,0,512.87
1,0,1,1,1,1,0,0,1,1,1,0,0,0,1,0,564.0933333
1,0,1,1,1,1,0,1,1,1,1,0,0,0,1,0,564.0633333
1,0,0,1,0,0,1,0,1,1,1,0,0,0,1,0,380.1466667
1,1,1,0,0,0,0,0,1,1,1,0,0,1,0,0,244.39
1,0,0,1,1,0,1,0,1,1,1,0,0,0,1,0,446.68
1,0,1,1,0,0,1,0,1,1,1,0,0,0,1,0,377.83
1,0,1,1,1,0,1,0,1,1,1,0,0,0,1,0,442.81
1,0,0,1,0,1,1,0,1,1,1,0,0,0,1,0,432.7733333
1,0,1,1,0,1,1,0,1,1,1,0,0,0,1,0,427.66
1,0,0,1,1,1,1,0,1,1,1,0,0,0,1,0,482.3733333
1,0,1,1,1,1,1,0,1,1,1,0,0,0,1,0,476.2233333
1,0,0,1,0,0,1,1,1,1,1,0,0,0,1,0,380.1
1,0,0,1,1,0,1,1,1,1,1,0,0,0,1,0,446.25
1,0,0,1,0,1,1,1,1,1,1,0,0,0,1,0,432.7233333
1,0,1,1,0,0,0,0,1,1,1,0,0,1,0,0,259.8066667
1,1,1,0,1,0,0,0,1,1,1,0,0,1,0,0,249.4966667
1,0,0,1,1,1,1,1,1,1,1,0,0,0,1,0,482.0833333
1,0,1,1,0,0,1,1,1,1,1,0,0,0,1,0,377.5033333
1,0,1,1,0,1,1,1,1,1,1,0,0,0,1,0,427.4933333
1,0,1,1,1,0,1,1,1,1,1,0,0,0,1,0,442.5
1,0,1,1,1,1,1,1,1,1,1,0,0,0,1,0,476.1
1,1,0,0,0,0,0,0,1,1,1,0,0,0,1,0,423.0766667
1,1,0,0,1,0,0,0,1,1,1,0,0,0,1,0,492.1266667
1,1,1,0,0,0,0,0,1,1,1,0,0,0,1,0,416.8866667
1,1,1,0,1,0,0,0,1,1,1,0,0,0,1,0,484.8533333
1,1,0,0,0,0,0,1,1,1,1,0,0,0,1,0,422.6466667
1,1,1,1,0,0,0,0,1,1,1,0,0,1,0,0,244.23
1,1,1,0,0,0,0,1,1,1,1,0,0,0,1,0,416.2633333
1,1,0,0,1,0,0,1,1,1,1,0,0,0,1,0,491.6866667
1,1,1,0,1,0,0,1,1,1,1,0,0,0,1,0,484.29
1,1,0,0,0,0,1,0,1,1,1,0,0,0,1,0,367.9633333
1,1,0,0,1,0,1,0,1,1,1,0,0,0,1,0,432.1433333
1,1,0,0,0,0,1,1,1,1,1,0,0,0,1,0,367.5433333
1,1,0,0,1,0,1,1,1,1,1,0,0,0,1,0,432.03
1,1,1,0,0,0,1,0,1,1,1,0,0,0,1,0,362.6266667
1,1,1,0,0,0,1,1,1,1,1,0,0,0,1,0,362.6133333
1,1,1,0,1,0,1,0,1,1,1,0,0,0,1,0,426.5266667
1,1,1,1,1,0,0,0,1,1,1,0,0,1,0,0,249.3633333
1,1,1,0,1,0,1,1,1,1,1,0,0,0,1,0,426.4433333
1,1,0,1,0,0,0,0,1,1,1,0,0,0,1,0,425.0633333
1,1,0,1,1,0,0,0,1,1,1,0,0,0,1,0,493.3066667
1,1,1,1,0,0,0,0,1,1,1,0,0,0,1,0,418.19
1,1,1,1,1,0,0,0,1,1,1,0,0,0,1,0,485.5366667
1,1,0,1,0,0,1,0,1,1,1,0,0,0,1,0,367.0666667
1,1,1,1,0,0,1,0,1,1,1,0,0,0,1,0,362.0366667
1,1,0,1,1,0,1,0,1,1,1,0,0,0,1,0,431.0
1,1,1,1,1,0,1,0,1,1,1,0,0,0,1,0,425.2466667
1,1,0,1,0,0,0,1,1,1,1,0,0,0,1,0,424.49
1,1,0,0,0,0,0,1,1,1,1,0,0,1,0,0,254.7333333
1,1,0,1,1,0,0,1,1,1,1,0,0,0,1,0,492.6633333
1,1,0,1,0,0,1,1,1,1,1,0,0,0,1,0,366.8366667
1,1,0,1,1,0,1,1,1,1,1,0,0,0,1,0,430.6966667
1,1,1,1,0,0,0,1,1,1,1,0,0,0,1,0,417.6333333
1,1,1,1,0,0,1,1,1,1,1,0,0,0,1,0,361.7033333
1,1,1,1,1,0,0,1,1,1,1,0,0,0,1,0,485.35
1,1,1,1,1,0,1,1,1,1,1,0,0,0,1,0,424.89
1,1,0,0,0,1,0,0,1,1,1,0,0,0,1,0,492.6233333
1,1,0,0,1,1,0,0,1,1,1,0,0,0,1,0,543.59
1,1,1,0,0,1,0,0,1,1,1,0,0,0,1,0,485.66
1,1,0,1,0,0,0,1,1,1,1,0,0,1,0,0,254.0333333
1,1,1,0,1,1,0,0,1,1,1,0,0,0,1,0,535.6266667
1,1,0,0,0,1,0,1,1,1,1,0,0,0,1,0,492.2666667
1,1,1,0,0,1,0,1,1,1,1,0,0,0,1,0,485.5833333
1,1,0,0,1,1,0,1,1,1,1,0,0,0,1,0,543.03
1,1,1,0,1,1,0,1,1,1,1,0,0,0,1,0,535.6966667
1,1,0,1,0,1,0,0,1,1,1,0,0,0,1,0,494.2566667
1,1,0,1,1,1,0,0,1,1,1,0,0,0,1,0,545.0166667
1,1,0,1,0,1,0,1,1,1,1,0,0,0,1,0,493.9866667
1,1,0,1,1,1,0,1,1,1,1,0,0,0,1,0,544.5066667
1,1,1,1,0,1,0,0,1,1,1,0,0,0,1,0,487.09
1,1,1,0,0,0,0,1,1,1,1,0,0,1,0,0,244.3033333
1,1,1,1,0,1,0,1,1,1,1,0,0,0,1,0,486.8166667
1,1,1,1,1,1,0,0,1,1,1,0,0,0,1,0,537.1533333
1,1,1,1,1,1,0,1,1,1,1,0,0,0,1,0,536.95
1,1,0,0,0,1,1,0,1,1,1,0,0,0,1,0,414.8333333
1,1,0,0,1,1,1,0,1,1,1,0,0,0,1,0,463.24
1,1,1,0,0,1,1,0,1,1,1,0,0,0,1,0,408.84
1,1,1,0,1,1,1,0,1,1,1,0,0,0,1,0,456.74
1,1,0,1,0,1,1,0,1,1,1,0,0,0,1,0,414.23
1,1,1,1,0,1,1,0,1,1,1,0,0,0,1,0,408.07
1,1,0,1,1,1,1,0,1,1,1,0,0,0,1,0,462.6266667
1,1,1,1,0,0,0,1,1,1,1,0,0,1,0,0,244.3533333
1,1,1,1,1,1,1,0,1,1,1,0,0,0,1,0,455.64
1,1,0,0,0,1,1,1,1,1,1,0,0,0,1,0,414.7366667
1,1,0,0,1,1,1,1,1,1,1,0,0,0,1,0,463.3633333
1,1,0,1,0,1,1,1,1,1,1,0,0,0,1,0,414.0333333
1,1,0,1,1,1,1,1,1,1,1,0,0,0,1,0,462.4733333
1,1,1,0,0,1,1,1,1,1,1,0,0,0,1,0,408.6266667
1,1,1,1,0,1,1,1,1,1,1,0,0,0,1,0,407.7566667
1,1,1,0,1,1,1,1,1,1,1,0,0,0,1,0,456.37
1,1,1,1,1,1,1,1,1,1,1,0,0,0,1,0,455.4933333
1,0,0,0,0,0,0,0,1,1,1,0,0,0,0,1,611.0433333
1,1,0,0,1,0,0,1,1,1,1,0,0,1,0,0,261.31
1,0,0,0,1,0,0,0,1,1,1,0,0,0,0,1,740.21
1,0,1,0,0,0,0,0,1,1,1,0,0,0,0,1,602.7133333
1,0,1,0,1,0,0,0,1,1,1,0,0,0,0,1,730.01
1,0,0,0,0,0,0,1,1,1,1,0,0,0,0,1,610.8233333
1,0,1,0,0,0,0,1,1,1,1,0,0,0,0,1,601.59
1,0,0,0,1,0,0,1,1,1,1,0,0,0,0,1,739.9033333
1,0,1,0,1,0,0,1,1,1,1,0,0,0,0,1,729.3
1,0,0,0,0,0,1,0,1,1,1,0,0,0,0,1,510.01
1,0,0,0,1,0,1,0,1,1,1,0,0,0,0,1,631.0433333
1,0,0,0,0,0,1,1,1,1,1,0,0,0,0,1,509.5233333
1,1,1,0,1,0,0,1,1,1,1,0,0,1,0,0,249.64
1,0,0,0,1,0,1,1,1,1,1,0,0,0,0,1,630.5766667
1,0,1,0,0,0,1,0,1,1,1,0,0,0,0,1,507.2466667
1,0,1,0,0,0,1,1,1,1,1,0,0,0,0,1,506.88
1,0,1,0,1,0,1,0,1,1,1,0,0,0,0,1,627.0533333
1,0,1,0,1,0,1,1,1,1,1,0,0,0,0,1,627.1133333
1,0,0,0,0,1,0,0,1,1,1,0,0,0,0,1,721.4866667
1,0,0,0,1,1,0,0,1,1,1,0,0,0,0,1,817.7933333
1,0,1,0,0,1,0,0,1,1,1,0,0,0,0,1,712.7433333
1,0,1,0,1,1,0,0,1,1,1,0,0,0,0,1,807.3333333
1,0,0,0,0,1,1,0,1,1,1,0,0,0,0,1,580.7366667
1,1,0,1,1,0,0,1,1,1,1,0,0,1,0,0,260.6166667
1,0,1,0,0,1,1,0,1,1,1,0,0,0,0,1,576.54
1,0,0,0,1,1,1,0,1,1,1,0,0,0,0,1,672.3733333
1,0,1,0,1,1,1,0,1,1,1,0,0,0,0,1,666.5533333
1,0,0,0,0,1,0,1,1,1,1,0,0,0,0,1,721.7566667
1,0,0,0,1,1,0,1,1,1,1,0,0,0,0,1,817.34
1,0,0,0,0,1,1,1,1,1,1,0,0,0,0,1,580.73
1,0,0,0,1,1,1,1,1,1,1,0,0,0,0,1,672.1366667
1,0,1,0,0,1,0,1,1,1,1,0,0,0,0,1,712.81
1,0,1,0,0,1,1,1,1,1,1,0,0,0,0,1,576.2166667
1,0,1,0,1,1,0,1,1,1,1,0,0,0,0,1,807.0166667
1,0,1,1,1,0,0,0,1,1,1,0,0,1,0,0,266.19
1,1,1,1,1,0,0,1,1,1,1,0,0,1,0,0,249.4633333
1,0,1,0,1,1,1,1,1,1,1,0,0,0,0,1,666.25
1,1,0,0,0,0,0,0,1,1,1,0,0,0,0,1,585.35
1,1,0,0,1,0,0,0,1,1,1,0,0,0,0,1,711.2333333
1,1,1,0,0,0,0,0,1,1,1,0,0,0,0,1,579.1766667
1,1,1,0,1,0,0,0,1,1,1,0,0,0,0,1,704.22
1,1,0,0,0,0,0,1,1,1,1,0,0,0,0,1,584.82
1,1,1,0,0,0,0,1,1,1,1,0,0,0,0,1,579.0233333
1,1,0,0,1,0,0,1,1,1,1,0,0,0,0,1,711.2933333
1,1,1,0,1,0,0,1,1,1,1,0,0,0,0,1,703.5
1,1,0,0,0,1,0,0,1,1,1,0,0,0,0,1,687.39
1,1,0,0,0,1,0,0,1,1,1,0,0,1,0,0,287.01
1,1,0,0,1,1,0,0,1,1,1,0,0,0,0,1,780.93
1,1,0,0,0,1,0,1,1,1,1,0,0,0,0,1,687.0933333
1,1,0,0,1,1,0,1,1,1,1,0,0,0,0,1,780.6566667
1,1,1,0,0,1,0,0,1,1,1,0,0,0,0,1,680.6466667
1,1,1,0,0,1,0,1,1,1,1,0,0,0,0,1,680.6166667
1,1,1,0,1,1,0,0,1,1,1,0,0,0,0,1,773.67
1,1,1,0,1,1,0,1,1,1,1,0,0,0,0,1,773.2766667
1,1,0,0,0,0,1,0,1,1,1,0,0,0,0,1,496.8933333
1,1,0,0,1,0,1,0,1,1,1,0,0,0,0,1,615.3366667
1,1,1,0,0,0,1,0,1,1,1,0,0,0,0,1,491.52
1,1,0,1,0,1,0,0,1,1,1,0,0,1,0,0,286.2866667
1,1,1,0,1,0,1,0,1,1,1,0,0,0,0,1,609.33
1,1,0,0,0,1,1,0,1,1,1,0,0,0,0,1,561.9266667
1,1,1,0,0,1,1,0,1,1,1,0,0,0,0,1,556.5133333
1,1,0,0,1,1,1,0,1,1,1,0,0,0,0,1,652.4666667
1,1,1,0,1,1,1,0,1,1,1,0,0,0,0,1,645.4466667
1,1,0,0,0,0,1,1,1,1,1,0,0,0,0,1,496.23
1,1,0,0,1,0,1,1,1,1,1,0,0,0,0,1,615.0566667
1,1,0,0,0,1,1,1,1,1,1,0,0,0,0,1,561.96
1,1,0,0,1,1,1,1,1,1,1,0,0,0,0,1,652.55
1,1,1,0,0,0,1,1,1,1,1,0,0,0,0,1,491.2366667
1,1,0,0,1,1,0,0,1,1,1,0,0,1,0,0,291.6333333
1,1,1,0,0,1,1,1,1,1,1,0,0,0,0,1,556.3266667
1,1,1,0,1,0,1,1,1,1,1,0,0,0,0,1,608.9966667
1,1,1,0,1,1,1,1,1,1,1,0,0,0,0,1,645.3766667
1,0,0,1,0,0,0,0,1,1,1,0,0,0,0,1,615.2866667
1,0,0,1,1,0,0,0,1,1,1,0,0,0,0,1,743.1633333
1,0,1,1,0,0,0,0,1,1,1,0,0,0,0,1,605.2733333
1,0,1,1,1,0,0,0,1,1,1,0,0,0,0,1,732.0066667
1,0,0,1,0,0,0,1,1,1,1,0,0,0,0,1,614.57
1,0,1,1,0,0,0,1,1,1,1,0,0,0,0,1,604.9166667
1,0,0,1,1,0,0,1,1,1,1,0,0,0,0,1,743.1233333
1,1,0,1,1,1,0,0,1,1,1,0,0,1,0,0,291.01
1,0,1,1,1,0,0,1,1,1,1,0,0,0,0,1,731.1933333
1,0,0,1,0,0,1,0,1,1,1,0,0,0,0,1,508.71
1,0,0,1,1,0,1,0,1,1,1,0,0,0,0,1,629.62
1,0,0,1,0,0,1,1,1,1,1,0,0,0,0,1,508.4233333
1,0,0,1,1,0,1,1,1,1,1,0,0,0,0,1,629.39
1,0,1,1,0,0,1,0,1,1,1,0,0,0,0,1,506.36
1,0,1,1,0,0,1,1,1,1,1,0,0,0,0,1,506.2233333
1,0,1,1,1,0,1,0,1,1,1,0,0,0,0,1,625.7966667
1,0,1,1,1,0,1,1,1,1,1,0,0,0,0,1,625.71
1,1,0,1,0,0,0,0,1,1,1,0,0,0,0,1,588.6733333
1,1,0,0,0,1,0,1,1,1,1,0,0,1,0,0,287.06
1,1,0,1,1,0,0,0,1,1,1,0,0,0,0,1,713.6733333
1,1,1,1,0,0,0,0,1,1,1,0,0,0,0,1,581.4066667
1,1,1,1,1,0,0,0,1,1,1,0,0,0,0,1,705.4533333
1,1,0,1,0,0,1,0,1,1,1,0,0,0,0,1,495.7233333
1,1,1,1,0,0,1,0,1,1,1,0,0,0,0,1,490.4733333
1,1,0,1,1,0,1,0,1,1,1,0,0,0,0,1,613.7633333
1,1,1,1,1,0,1,0,1,1,1,0,0,0,0,1,607.6266667
1,1,0,1,0,0,0,1,1,1,1,0,0,0,0,1,588.67
1,1,0,1,1,0,0,1,1,1,1,0,0,0,0,1,713.39
1,1,0,1,0,0,1,1,1,1,1,0,0,0,0,1,495.49
1,1,0,0,1,1,0,1,1,1,1,0,0,1,0,0,291.62
1,1,0,1,1,0,1,1,1,1,1,0,0,0,0,1,613.3966667
1,1,1,1,0,0,0,1,1,1,1,0,0,0,0,1,581.2433333
1,1,1,1,0,0,1,1,1,1,1,0,0,0,0,1,490.0433333
1,1,1,1,1,0,0,1,1,1,1,0,0,0,0,1,704.8066667
1,1,1,1,1,0,1,1,1,1,1,0,0,0,0,1,607.3766667
1,0,0,1,0,1,0,0,1,1,1,0,0,0,0,1,726.89
1,0,0,1,1,1,0,0,1,1,1,0,0,0,0,1,821.52
1,0,1,1,0,1,0,0,1,1,1,0,0,0,0,1,716.0333333
1,0,1,1,1,1,0,0,1,1,1,0,0,0,0,1,809.9366667
1,0,0,1,0,1,0,1,1,1,1,0,0,0,0,1,726.51
1,1,0,1,0,1,0,1,1,1,1,0,0,1,0,0,286.3966667
1,0,1,1,0,1,0,1,1,1,1,0,0,0,0,1,715.9233333
1,0,0,1,1,1,0,1,1,1,1,0,0,0,0,1,821.9633333
1,0,1,1,1,1,0,1,1,1,1,0,0,0,0,1,809.57
1,1,0,1,0,1,0,0,1,1,1,0,0,0,0,1,690.59
1,1,0,1,1,1,0,0,1,1,1,0,0,0,0,1,784.02
1,1,0,1,0,1,0,1,1,1,1,0,0,0,0,1,690.4633333
1,1,0,1,1,1,0,1,1,1,1,0,0,0,0,1,783.4933333
1,1,1,1,0,1,0,0,1,1,1,0,0,0,0,1,683.75
1,1,1,1,0,1,0,1,1,1,1,0,0,0,0,1,683.42
1,1,1,1,1,1,0,0,1,1,1,0,0,0,0,1,775.8533333
1,1,0,1,1,1,0,1,1,1,1,0,0,1,0,0,291.15
1,1,1,1,1,1,0,1,1,1,1,0,0,0,0,1,775.8033333
1,0,0,1,0,1,1,0,1,1,1,0,0,0,0,1,580.5433333
1,0,0,1,1,1,1,0,1,1,1,0,0,0,0,1,671.73
1,0,1,1,0,1,1,0,1,1,1,0,0,0,0,1,575.8633333
1,0,1,1,1,1,1,0,1,1,1,0,0,0,0,1,665.2233333
1,1,0,1,0,1,1,0,1,1,1,0,0,0,0,1,561.79
1,1,1,1,0,1,1,0,1,1,1,0,0,0,0,1,555.58
1,1,0,1,1,1,1,0,1,1,1,0,0,0,0,1,651.7033333
1,1,1,1,1,1,1,0,1,1,1,0,0,0,0,1,644.1566667
1,0,0,1,0,1,1,1,1,1,1,0,0,0,0,1,580.3733333
1,1,1,0,0,1,0,0,1,1,1,0,0,1,0,0,275.9233333
1,0,0,1,1,1,1,1,1,1,1,0,0,0,0,1,671.4
1,1,0,1,0,1,1,1,1,1,1,0,0,0,0,1,561.3733333
1,1,0,1,1,1,1,1,1,1,1,0,0,0,0,1,651.2033333
1,0,1,1,0,1,1,1,1,1,1,0,0,0,0,1,575.4766667
1,1,1,1,0,1,1,1,1,1,1,0,0,0,0,1,555.2033333
1,0,1,1,1,1,1,1,1,1,1,0,0,0,0,1,665.2833333
1,1,1,1,1,1,1,1,1,1,1,0,0,0,0,1,643.96
1,0,0,0,0,0,0,0,1,1,0,0,1,0,0,1,613.4466667
1,0,0,0,1,0,0,0,1,1,0,0,1,0,0,1,742.4633333
1,0,1,0,0,0,0,0,1,1,0,0,1,0,0,1,604.8866667
1,0,0,0,0,0,0,1,1,1,1,0,0,1,0,0,268.5566667
1,1,1,1,0,1,0,0,1,1,1,0,0,1,0,0,275.3866667
1,0,1,0,1,0,0,0,1,1,0,0,1,0,0,1,731.76
1,0,0,0,0,0,0,1,1,1,0,0,1,0,0,1,613.5166667
1,0,1,0,0,0,0,1,1,1,0,0,1,0,0,1,604.4833333
1,0,0,0,1,0,0,1,1,1,0,0,1,0,0,1,741.8866667
1,0,1,0,1,0,0,1,1,1,0,0,1,0,0,1,731.41
1,0,0,0,0,0,1,0,1,1,0,0,1,0,0,1,511.5066667
1,0,0,0,1,0,1,0,1,1,0,0,1,0,0,1,632.9433333
1,0,0,0,0,0,1,1,1,1,0,0,1,0,0,1,511.7333333
1,0,0,0,1,0,1,1,1,1,0,0,1,0,0,1,632.8266667
1,0,1,0,0,0,1,0,1,1,0,0,1,0,0,1,509.8933333
1,1,1,0,0,1,0,1,1,1,1,0,0,1,0,0,275.9266667
1,0,1,0,0,0,1,1,1,1,0,0,1,0,0,1,509.4733333
1,0,1,0,1,0,1,0,1,1,0,0,1,0,0,1,629.3366667
1,0,1,0,1,0,1,1,1,1,0,0,1,0,0,1,629.3966667
1,0,0,0,0,1,0,0,1,1,0,0,1,0,0,1,721.8733333
1,0,0,0,1,1,0,0,1,1,0,0,1,0,0,1,817.99
1,0,1,0,0,1,0,0,1,1,0,0,1,0,0,1,712.87
1,0,1,0,1,1,0,0,1,1,0,0,1,0,0,1,807.4366667
1,0,0,0,0,1,1,0,1,1,0,0,1,0,0,1,580.74
1,0,1,0,0,1,1,0,1,1,0,0,1,0,0,1,576.48
1,0,0,0,1,1,1,0,1,1,0,0,1,0,0,1,672.6
1,1,1,1,0,1,0,1,1,1,1,0,0,1,0,0,275.4333333
1,0,1,0,1,1,1,0,1,1,0,0,1,0,0,1,666.6866667
1,0,0,0,0,1,0,1,1,1,0,0,1,0,0,1,721.8666667
1,0,0,0,1,1,0,1,1,1,0,0,1,0,0,1,817.3533333
1,0,0,0,0,1,1,1,1,1,0,0,1,0,0,1,580.6066667
1,0,0,0,1,1,1,1,1,1,0,0,1,0,0,1,672.2066667
1,0,1,0,0,1,0,1,1,1,0,0,1,0,0,1,712.7266667
1,0,1,0,0,1,1,1,1,1,0,0,1,0,0,1,576.2466667
1,0,1,0,1,1,0,1,1,1,0,0,1,0,0,1,806.9233333
1,0,1,0,1,1,1,1,1,1,0,0,1,0,0,1,666.33
1,0,0,1,0,0,0,0,1,1,0,0,1,0,0,1,617.42
1,1,1,0,1,1,0,0,1,1,1,0,0,1,0,0,279.79
1,0,0,1,1,0,0,0,1,1,0,0,1,0,0,1,745.5966667
1,0,1,1,0,0,0,0,1,1,0,0,1,0,0,1,607.9266667
1,0,1,1,1,0,0,0,1,1,0,0,1,0,0,1,734.21
1,0,0,1,0,0,0,1,1,1,0,0,1,0,0,1,616.96
1,0,1,1,0,0,0,1,1,1,0,0,1,0,0,1,607.7
1,0,0,1,1,0,0,1,1,1,0,0,1,0,0,1,745.4433333
1,0,1,1,1,0,0,1,1,1,0,0,1,0,0,1,733.7633333
1,0,0,1,0,1,0,0,1,1,0,0,1,0,0,1,726.9166667
1,0,0,1,1,1,0,0,1,1,0,0,1,0,0,1,821.76
1,0,0,1,0,1,0,1,1,1,0,0,1,0,0,1,726.6
1,1,1,0,1,1,0,1,1,1,1,0,0,1,0,0,279.7766667
1,0,0,1,1,1,0,1,1,1,0,0,1,0,0,1,821.51
1,0,1,1,0,1,0,0,1,1,0,0,1,0,0,1,715.8266667
1,0,1,1,0,1,0,1,1,1,0,0,1,0,0,1,715.7466667
1,0,1,1,1,1,0,0,1,1,0,0,1,0,0,1,809.8066667
1,0,1,1,1,1,0,1,1,1,0,0,1,0,0,1,809.53
1,0,0,1,0,0,1,0,1,1,0,0,1,0,0,1,510.8366667
1,0,0,1,1,0,1,0,1,1,0,0,1,0,0,1,631.7366667
1,0,1,1,0,0,1,0,1,1,0,0,1,0,0,1,508.7666667
1,0,1,1,1,0,1,0,1,1,0,0,1,0,0,1,628.15
1,0,0,1,0,1,1,0,1,1,0,0,1,0,0,1,580.4766667
1,1,1,1,1,1,0,0,1,1,1,0,0,1,0,0,279.15
1,0,1,1,0,1,1,0,1,1,0,0,1,0,0,1,575.6633333
1,0,0,1,1,1,1,0,1,1,0,0,1,0,0,1,671.7466667
1,0,1,1,1,1,1,0,1,1,0,0,1,0,0,1,665.2
1,0,0,1,0,0,1,1,1,1,0,0,1,0,0,1,510.89
1,0,0,1,1,0,1,1,1,1,0,0,1,0,0,1,631.5833333
1,0,0,1,0,1,1,1,1,1,0,0,1,0,0,1,580.41
1,0,0,1,1,1,1,1,1,1,0,0,1,0,0,1,671.55
1,0,1,1,0,0,1,1,1,1,0,0,1,0,0,1,508.6066667
1,0,1,1,0,1,1,1,1,1,0,0,1,0,0,1,575.5533333
1,0,1,1,1,0,1,1,1,1,0,0,1,0,0,1,627.8133333
1,1,1,1,1,1,0,1,1,1,1,0,0,1,0,0,279.15
1,0,1,1,1,1,1,1,1,1,0,0,1,0,0,1,665.1666667
1,1,0,0,0,0,0,0,1,1,0,0,1,0,0,1,588.54
1,1,0,0,1,0,0,0,1,1,0,0,1,0,0,1,713.5766667
1,1,1,0,0,0,0,0,1,1,0,0,1,0,0,1,581.8133333
1,1,1,0,1,0,0,0,1,1,0,0,1,0,0,1,706.2466667
1,1,0,0,0,0,0,1,1,1,0,0,1,0,0,1,588.2
1,1,1,0,0,0,0,1,1,1,0,0,1,0,0,1,581.7166667
1,1,0,0,1,0,0,1,1,1,0,0,1,0,0,1,712.9533333
1,1,1,0,1,0,0,1,1,1,0,0,1,0,0,1,706.0633333
1,1,0,0,0,0,1,0,1,1,0,0,1,0,0,1,499.27
1,1,0,0,0,0,1,0,1,1,1,0,0,1,0,0,254.82
1,1,0,0,1,0,1,0,1,1,0,0,1,0,0,1,617.2066667
1,1,0,0,0,0,1,1,1,1,0,0,1,0,0,1,498.8266667
1,1,0,0,1,0,1,1,1,1,0,0,1,0,0,1,616.97
1,1,1,0,0,0,1,0,1,1,0,0,1,0,0,1,493.96
1,1,1,0,0,0,1,1,1,1,0,0,1,0,0,1,493.5433333
1,1,1,0,1,0,1,0,1,1,0,0,1,0,0,1,611.6
1,1,1,0,1,0,1,1,1,1,0,0,1,0,0,1,611.4333333
1,1,0,1,0,0,0,0,1,1,0,0,1,0,0,1,590.55
1,1,0,1,1,0,0,0,1,1,0,0,1,0,0,1,715.7366667
1,1,1,1,0,0,0,0,1,1,0,0,1,0,0,1,584.9766667
1,1,0,1,0,0,1,0,1,1,1,0,0,1,0,0,254.11
1,1,1,1,1,0,0,0,1,1,0,0,1,0,0,1,707.5966667
1,1,0,1,0,0,1,0,1,1,0,0,1,0,0,1,497.8033333
1,1,1,1,0,0,1,0,1,1,0,0,1,0,0,1,493.0066667
1,1,0,1,1,0,1,0,1,1,0,0,1,0,0,1,615.9
1,1,1,1,1,0,1,0,1,1,0,0,1,0,0,1,609.8866667
1,1,0,1,0,0,0,1,1,1,0,0,1,0,0,1,590.8366667
1,1,0,1,1,0,0,1,1,1,0,0,1,0,0,1,715.5833333
1,1,0,1,0,0,1,1,1,1,0,0,1,0,0,1,497.37
1,1,0,1,1,0,1,1,1,1,0,0,1,0,0,1,616.1333333
1,1,1,1,0,0,0,1,1,1,0,0,1,0,0,1,583.8466667
1,1,0,0,1,0,1,0,1,1,1,0,0,1,0,0,261.2033333
1,1,1,1,0,0,1,1,1,1,0,0,1,0,0,1,492.4266667
1,1,1,1,1,0,0,1,1,1,0,0,1,0,0,1,707.4933333
1,1,1,1,1,0,1,1,1,1,0,0,1,0,0,1,609.6966667
1,1,0,0,0,1,0,0,1,1,0,0,1,0,0,1,687.4733333
1,1,0,0,1,1,0,0,1,1,0,0,1,0,0,1,781.1633333
1,1,1,0,0,1,0,0,1,1,0,0,1,0,0,1,680.5633333
1,1,1,0,1,1,0,0,1,1,0,0,1,0,0,1,773.4366667
1,1,0,0,0,1,0,1,1,1,0,0,1,0,0,1,687.0333333
1,1,1,0,0,1,0,1,1,1,0,0,1,0,0,1,680.7266667
1,1,0,0,1,1,0,1,1,1,0,0,1,0,0,1,780.79
